square_id,time,time_interval,internet_traffic,sms_all,call_all,time_display
4259,2013-11-02 23:00:00,1383433200000,956.039930719,61.5587206279,41.3980328139,2013-11-02 23:00:00
4259,2013-11-03 00:00:00,1383436800000,1139.31165035,67.4359296501,53.0529212965,2013-11-03 00:00:00
4259,2013-11-03 01:00:00,1383440400000,887.897566911,42.3864881217,26.7771262196,2013-11-03 01:00:00
4259,2013-11-03 02:00:00,1383444000000,813.491209729,32.2631833291,15.7528705153,2013-11-03 02:00:00
4259,2013-11-03 03:00:00,1383447600000,609.642104438,20.9871495678,7.50214319048,2013-11-03 03:00:00
4259,2013-11-03 04:00:00,1383451200000,543.005682931,13.504949847,7.23628329504,2013-11-03 04:00:00
4259,2013-11-03 05:00:00,1383454800000,471.062965442,3.66803892098,4.09984578527,2013-11-03 05:00:00
4259,2013-11-03 06:00:00,1383458400000,456.660375648,6.37702522164,4.85715793043,2013-11-03 06:00:00
4259,2013-11-03 07:00:00,1383462000000,498.318097492,28.9882105105,9.09830056263,2013-11-03 07:00:00
4259,2013-11-03 08:00:00,1383465600000,665.825640402,46.5252198533,31.0741321997,2013-11-03 08:00:00
4259,2013-11-03 09:00:00,1383469200000,768.490973053,58.9958626971,43.0681234309,2013-11-03 09:00:00
4259,2013-11-03 10:00:00,1383472800000,731.967925888,82.2902122189,63.0905379345,2013-11-03 10:00:00
4259,2013-11-03 11:00:00,1383476400000,849.539179941,70.8910581148,70.4235364021,2013-11-03 11:00:00
4259,2013-11-03 12:00:00,1383480000000,915.423519767,60.3739953558,38.4831336473,2013-11-03 12:00:00
4259,2013-11-03 13:00:00,1383483600000,801.30009301,67.4641348911,41.2820482171,2013-11-03 13:00:00
4259,2013-11-03 14:00:00,1383487200000,885.935904579,61.4983155041,45.6984650937,2013-11-03 14:00:00
4259,2013-11-03 15:00:00,1383490800000,1189.36901282,52.7162584312,57.2788679745,2013-11-03 15:00:00
4259,2013-11-03 16:00:00,1383494400000,1024.92831952,70.1469556333,65.4357514332,2013-11-03 16:00:00
4259,2013-11-03 17:00:00,1383498000000,1228.03440792,99.4596981786,77.0631741065,2013-11-03 17:00:00
4259,2013-11-03 18:00:00,1383501600000,1060.24725705,102.509557696,71.1776603153,2013-11-03 18:00:00
4259,2013-11-03 19:00:00,1383505200000,1417.62317051,74.7025975901,57.1816926708,2013-11-03 19:00:00
4259,2013-11-03 20:00:00,1383508800000,1161.19728715,88.430300224,39.5353316398,2013-11-03 20:00:00
4259,2013-11-03 21:00:00,1383512400000,1169.34957648,72.0658163328,28.1151046642,2013-11-03 21:00:00
4259,2013-11-03 22:00:00,1383516000000,1114.49970645,65.6781041561,20.7681112337,2013-11-03 22:00:00
4456,2013-11-02 23:00:00,1383433200000,4542.99810865,255.599598474,113.733676141,2013-11-02 23:00:00
4456,2013-11-03 00:00:00,1383436800000,3925.91914993,114.863066482,64.3331253794,2013-11-03 00:00:00
4456,2013-11-03 01:00:00,1383440400000,2713.68533674,49.6440214778,27.5565955113,2013-11-03 01:00:00
4456,2013-11-03 02:00:00,1383444000000,1959.65833459,22.2050347498,14.8270860866,2013-11-03 02:00:00
4456,2013-11-03 03:00:00,1383447600000,1657.03528164,20.8244375767,6.84491931363,2013-11-03 03:00:00
4456,2013-11-03 04:00:00,1383451200000,1549.07525359,20.0754719771,9.38328113803,2013-11-03 04:00:00
4456,2013-11-03 05:00:00,1383454800000,1473.78902201,10.1429946554,7.19509769197,2013-11-03 05:00:00
4456,2013-11-03 06:00:00,1383458400000,1575.74235507,22.8542123423,14.5118163897,2013-11-03 06:00:00
4456,2013-11-03 07:00:00,1383462000000,1794.11914731,128.723850964,37.2876591154,2013-11-03 07:00:00
4456,2013-11-03 08:00:00,1383465600000,2473.04321059,164.598265212,84.1586744446,2013-11-03 08:00:00
4456,2013-11-03 09:00:00,1383469200000,2680.77686568,175.017944912,152.607520418,2013-11-03 09:00:00
4456,2013-11-03 10:00:00,1383472800000,3645.28289103,295.439909613,225.028505818,2013-11-03 10:00:00
4456,2013-11-03 11:00:00,1383476400000,4308.74083984,284.236019821,270.862744736,2013-11-03 11:00:00
4456,2013-11-03 12:00:00,1383480000000,4117.52690947,253.504405996,204.463019998,2013-11-03 12:00:00
4456,2013-11-03 13:00:00,1383483600000,4034.98276701,302.899851737,200.968402785,2013-11-03 13:00:00
4456,2013-11-03 14:00:00,1383487200000,4311.91923683,278.227671742,203.828276492,2013-11-03 14:00:00
4456,2013-11-03 15:00:00,1383490800000,4004.55691096,318.470677858,227.29831096,2013-11-03 15:00:00
4456,2013-11-03 16:00:00,1383494400000,4468.66998958,408.501792227,285.204007933,2013-11-03 16:00:00
4456,2013-11-03 17:00:00,1383498000000,5364.65282259,333.510490303,326.673997535,2013-11-03 17:00:00
4456,2013-11-03 18:00:00,1383501600000,5263.64549856,337.332152744,326.143563628,2013-11-03 18:00:00
4456,2013-11-03 19:00:00,1383505200000,5464.6899862,416.151508335,258.924464683,2013-11-03 19:00:00
4456,2013-11-03 20:00:00,1383508800000,5524.90465774,379.885065804,191.571171455,2013-11-03 20:00:00
4456,2013-11-03 21:00:00,1383512400000,5869.44364399,327.649942663,150.018017738,2013-11-03 21:00:00
4456,2013-11-03 22:00:00,1383516000000,4955.91090832,284.690141042,114.602075867,2013-11-03 22:00:00
4703,2013-11-02 23:00:00,1383433200000,11.5609782453,0.511465890511,0.141766113748,2013-11-02 23:00:00
4703,2013-11-03 00:00:00,1383436800000,8.75075586191,0.24823154723,0.0368075701662,2013-11-03 00:00:00
4703,2013-11-03 01:00:00,1383440400000,7.94564539606,0.212391585088,0.071784969007,2013-11-03 01:00:00
4703,2013-11-03 02:00:00,1383444000000,7.78097855554,0.212407635617,0.00715566452793,2013-11-03 02:00:00
4703,2013-11-03 03:00:00,1383447600000,7.29554584067,0.15520846769,0.0243302510752,2013-11-03 03:00:00
4703,2013-11-03 04:00:00,1383451200000,7.21878534931,0.197434043556,0.0250867049047,2013-11-03 04:00:00
4703,2013-11-03 05:00:00,1383454800000,6.87500772208,0.176560560038,0.0452499805757,2013-11-03 05:00:00
4703,2013-11-03 06:00:00,1383458400000,7.44624592977,0.431351553535,0.132704387665,2013-11-03 06:00:00
4703,2013-11-03 07:00:00,1383462000000,9.98396171977,0.924934619266,0.353945131228,2013-11-03 07:00:00
4703,2013-11-03 08:00:00,1383465600000,11.7502927795,1.49539606792,0.746697440579,2013-11-03 08:00:00
4703,2013-11-03 09:00:00,1383469200000,13.1130753117,1.21438003986,1.17587494032,2013-11-03 09:00:00
4703,2013-11-03 10:00:00,1383472800000,18.8702934611,2.06738854711,1.31144286098,2013-11-03 10:00:00
4703,2013-11-03 11:00:00,1383476400000,22.2589204483,1.42973207792,1.36712659806,2013-11-03 11:00:00
4703,2013-11-03 12:00:00,1383480000000,13.6458434396,1.05639034382,0.835128964135,2013-11-03 12:00:00
4703,2013-11-03 13:00:00,1383483600000,17.1269072396,1.1100922999,0.916626353865,2013-11-03 13:00:00
4703,2013-11-03 14:00:00,1383487200000,24.6070279994,1.21286528787,1.16526233394,2013-11-03 14:00:00
4703,2013-11-03 15:00:00,1383490800000,15.7940068338,1.03231158887,0.932171226457,2013-11-03 15:00:00
4703,2013-11-03 16:00:00,1383494400000,17.4408317513,1.44776217952,1.22551818054,2013-11-03 16:00:00
4703,2013-11-03 17:00:00,1383498000000,15.9315030442,1.40446100099,1.00076911682,2013-11-03 17:00:00
4703,2013-11-03 18:00:00,1383501600000,19.5259499677,1.56904764584,1.13630943471,2013-11-03 18:00:00
4703,2013-11-03 19:00:00,1383505200000,16.7347417542,1.70947567645,0.828657361939,2013-11-03 19:00:00
4703,2013-11-03 20:00:00,1383508800000,15.2635340149,1.54147607538,0.643172154625,2013-11-03 20:00:00
4703,2013-11-03 21:00:00,1383512400000,15.3470518486,0.851064018687,0.29504889168,2013-11-03 21:00:00
4703,2013-11-03 22:00:00,1383516000000,14.967289085,0.811180095869,0.218048778866,2013-11-03 22:00:00
5060,2013-11-02 23:00:00,1383433200000,1286.05792196,64.5703961206,41.6040646079,2013-11-02 23:00:00
5060,2013-11-03 00:00:00,1383436800000,1509.91455982,51.0112509464,26.3060547309,2013-11-03 00:00:00
5060,2013-11-03 01:00:00,1383440400000,2048.80496166,47.6840042365,19.5938100112,2013-11-03 01:00:00
5060,2013-11-03 02:00:00,1383444000000,1465.57604736,22.2306143106,1.84812719116,2013-11-03 02:00:00
5060,2013-11-03 03:00:00,1383447600000,1148.72221476,37.7359295137,19.0451899902,2013-11-03 03:00:00
5060,2013-11-03 04:00:00,1383451200000,947.40751733,10.4610576225,14.5020963641,2013-11-03 04:00:00
5060,2013-11-03 05:00:00,1383454800000,932.997155285,26.4889061135,7.77865185799,2013-11-03 05:00:00
5060,2013-11-03 06:00:00,1383458400000,861.010966594,65.1180656745,25.7840248306,2013-11-03 06:00:00
5060,2013-11-03 07:00:00,1383462000000,1031.85280343,57.7282721527,28.0669813511,2013-11-03 07:00:00
5060,2013-11-03 08:00:00,1383465600000,1416.09747633,173.299549819,139.345052794,2013-11-03 08:00:00
5060,2013-11-03 09:00:00,1383469200000,2431.48961896,383.930192843,277.164488728,2013-11-03 09:00:00
5060,2013-11-03 10:00:00,1383472800000,3132.48609403,590.991246423,445.856916528,2013-11-03 10:00:00
5060,2013-11-03 11:00:00,1383476400000,3862.19796391,742.04709988,543.332015848,2013-11-03 11:00:00
5060,2013-11-03 12:00:00,1383480000000,4268.0327301,628.976801799,406.641019992,2013-11-03 12:00:00
5060,2013-11-03 13:00:00,1383483600000,4728.41107425,541.77593639,403.227709936,2013-11-03 13:00:00
5060,2013-11-03 14:00:00,1383487200000,5193.50913726,640.581941288,493.594999212,2013-11-03 14:00:00
5060,2013-11-03 15:00:00,1383490800000,5462.53492388,725.628721301,572.963841839,2013-11-03 15:00:00
5060,2013-11-03 16:00:00,1383494400000,6356.23367005,789.943742428,649.71699544,2013-11-03 16:00:00
5060,2013-11-03 17:00:00,1383498000000,5743.54540568,554.245622724,524.269294444,2013-11-03 17:00:00
5060,2013-11-03 18:00:00,1383501600000,3748.33243052,322.542477167,329.864497516,2013-11-03 18:00:00
5060,2013-11-03 19:00:00,1383505200000,1820.9232743,247.001324263,170.283940472,2013-11-03 19:00:00
5060,2013-11-03 20:00:00,1383508800000,1581.43815594,159.359301776,107.652372573,2013-11-03 20:00:00
5060,2013-11-03 21:00:00,1383512400000,1428.92866886,218.59986658,62.4780630954,2013-11-03 21:00:00
5060,2013-11-03 22:00:00,1383516000000,1137.47991066,76.331296008,38.7214525525,2013-11-03 22:00:00
4259,2013-11-03 23:00:00,1383519600000,880.875033565,22.576623429,8.16458817197,2013-11-03 23:00:00
4259,2013-11-04 00:00:00,1383523200000,751.110695813,9.48254349307,10.4062879917,2013-11-04 00:00:00
4259,2013-11-04 01:00:00,1383526800000,682.001781029,4.42893062437,3.26396255372,2013-11-04 01:00:00
4259,2013-11-04 02:00:00,1383530400000,660.030645319,7.08408864956,0.333071502753,2013-11-04 02:00:00
4259,2013-11-04 03:00:00,1383534000000,635.510982426,2.01895866675,1.31735155242,2013-11-04 03:00:00
4259,2013-11-04 04:00:00,1383537600000,644.324309504,3.94326803625,1.9364199847,2013-11-04 04:00:00
4259,2013-11-04 05:00:00,1383541200000,724.447748618,20.1912419027,4.02111306495,2013-11-04 05:00:00
4259,2013-11-04 06:00:00,1383544800000,1192.57783483,86.0981963014,41.9126432866,2013-11-04 06:00:00
4259,2013-11-04 07:00:00,1383548400000,2256.08502668,174.684587497,151.729084269,2013-11-04 07:00:00
4259,2013-11-04 08:00:00,1383552000000,2538.69540486,211.517620071,192.160668846,2013-11-04 08:00:00
4259,2013-11-04 09:00:00,1383555600000,3397.96231887,266.155867006,242.978715777,2013-11-04 09:00:00
4259,2013-11-04 10:00:00,1383559200000,3257.61112628,341.636723086,209.694631334,2013-11-04 10:00:00
4259,2013-11-04 11:00:00,1383562800000,4529.2952905,368.683401309,233.968582332,2013-11-04 11:00:00
4259,2013-11-04 12:00:00,1383566400000,3856.39948235,338.837305749,221.47613029,2013-11-04 12:00:00
4259,2013-11-04 13:00:00,1383570000000,4109.7756655,365.492490711,224.136235494,2013-11-04 13:00:00
4259,2013-11-04 14:00:00,1383573600000,3574.20432765,283.896580149,206.976710681,2013-11-04 14:00:00
4259,2013-11-04 15:00:00,1383577200000,3881.63659723,318.923568839,258.365811681,2013-11-04 15:00:00
4259,2013-11-04 16:00:00,1383580800000,3341.58295462,316.51087803,253.98503962,2013-11-04 16:00:00
4259,2013-11-04 17:00:00,1383584400000,3296.05514093,220.864754854,266.530527705,2013-11-04 17:00:00
4259,2013-11-04 18:00:00,1383588000000,2468.21279156,164.810685992,211.01245081,2013-11-04 18:00:00
4259,2013-11-04 19:00:00,1383591600000,1759.38109302,152.222103098,123.294409087,2013-11-04 19:00:00
4259,2013-11-04 20:00:00,1383595200000,1671.36015357,134.230407657,76.0076249969,2013-11-04 20:00:00
4259,2013-11-04 21:00:00,1383598800000,1532.10153469,123.287716643,46.4375610912,2013-11-04 21:00:00
4259,2013-11-04 22:00:00,1383602400000,1350.6017919,68.7508775413,25.9643082948,2013-11-04 22:00:00
4456,2013-11-03 23:00:00,1383519600000,4092.91162451,129.481273248,43.1812689875,2013-11-03 23:00:00
4456,2013-11-04 00:00:00,1383523200000,3387.87148819,45.7187842212,22.3654775244,2013-11-04 00:00:00
4456,2013-11-04 01:00:00,1383526800000,2653.14252159,20.2427492652,8.33646936663,2013-11-04 01:00:00
4456,2013-11-04 02:00:00,1383530400000,2422.70170587,6.81513766359,1.91176926614,2013-11-04 02:00:00
4456,2013-11-04 03:00:00,1383534000000,1986.59279424,15.1191239589,0.967455579174,2013-11-04 03:00:00
4456,2013-11-04 04:00:00,1383537600000,1828.55411607,13.900608973,8.65505614739,2013-11-04 04:00:00
4456,2013-11-04 05:00:00,1383541200000,2051.85676855,20.351570601,21.1434978566,2013-11-04 05:00:00
4456,2013-11-04 06:00:00,1383544800000,2709.47169339,118.345513234,65.9669667848,2013-11-04 06:00:00
4456,2013-11-04 07:00:00,1383548400000,3770.46873316,343.523720981,227.668807795,2013-11-04 07:00:00
4456,2013-11-04 08:00:00,1383552000000,4644.43405224,361.951011101,423.200426161,2013-11-04 08:00:00
4456,2013-11-04 09:00:00,1383555600000,4172.31205368,422.152605425,460.090516754,2013-11-04 09:00:00
4456,2013-11-04 10:00:00,1383559200000,4384.44732079,483.191271166,472.170890626,2013-11-04 10:00:00
4456,2013-11-04 11:00:00,1383562800000,4400.27457045,424.483069207,493.035421569,2013-11-04 11:00:00
4456,2013-11-04 12:00:00,1383566400000,4548.81565476,432.663157037,398.05419164,2013-11-04 12:00:00
4456,2013-11-04 13:00:00,1383570000000,4767.31472322,485.843841807,403.855439775,2013-11-04 13:00:00
4456,2013-11-04 14:00:00,1383573600000,4917.23268014,401.10131738,492.531330074,2013-11-04 14:00:00
4456,2013-11-04 15:00:00,1383577200000,4841.29011499,489.640863598,558.671289552,2013-11-04 15:00:00
4456,2013-11-04 16:00:00,1383580800000,4898.38479072,498.824702133,570.053365362,2013-11-04 16:00:00
4456,2013-11-04 17:00:00,1383584400000,4944.5046574,409.463507921,532.50962585,2013-11-04 17:00:00
4456,2013-11-04 18:00:00,1383588000000,4808.53923821,494.216788388,471.014602313,2013-11-04 18:00:00
4456,2013-11-04 19:00:00,1383591600000,5362.86047288,482.125362771,382.67427552,2013-11-04 19:00:00
4456,2013-11-04 20:00:00,1383595200000,5158.49518984,483.958812341,310.302395467,2013-11-04 20:00:00
4456,2013-11-04 21:00:00,1383598800000,5427.95524429,371.166193547,198.778144681,2013-11-04 21:00:00
4456,2013-11-04 22:00:00,1383602400000,5100.43616915,321.16351905,132.333763271,2013-11-04 22:00:00
4703,2013-11-03 23:00:00,1383519600000,10.6850973196,0.39231756099,0.0252573564674,2013-11-03 23:00:00
4703,2013-11-04 00:00:00,1383523200000,8.73921607928,0.160584632493,0.0117620200959,2013-11-04 00:00:00
4703,2013-11-04 01:00:00,1383526800000,8.08273476985,0.185726119313,0.0107505647921,2013-11-04 01:00:00
4703,2013-11-04 02:00:00,1383530400000,8.06917569496,0.153330461558,0.027941253965,2013-11-04 02:00:00
4703,2013-11-04 03:00:00,1383534000000,8.83193359084,0.133593543128,0.00799433548766,2013-11-04 03:00:00
4703,2013-11-04 04:00:00,1383537600000,9.16363966389,0.155655540992,0.00571885105754,2013-11-04 04:00:00
4703,2013-11-04 05:00:00,1383541200000,11.916645941,0.396132709827,0.138100896712,2013-11-04 05:00:00
4703,2013-11-04 06:00:00,1383544800000,15.4908752744,1.06107363394,0.76571128878,2013-11-04 06:00:00
4703,2013-11-04 07:00:00,1383548400000,13.7634839767,2.04277495109,2.12044085309,2013-11-04 07:00:00
4703,2013-11-04 08:00:00,1383552000000,13.5016754854,1.98358346131,2.78609609064,2013-11-04 08:00:00
4703,2013-11-04 09:00:00,1383555600000,13.7815384485,2.36108386085,3.02528063505,2013-11-04 09:00:00
4703,2013-11-04 10:00:00,1383559200000,14.0281823959,2.11011625988,3.03207562855,2013-11-04 10:00:00
4703,2013-11-04 11:00:00,1383562800000,14.0297334265,1.95623441841,2.58822319085,2013-11-04 11:00:00
4703,2013-11-04 12:00:00,1383566400000,14.9634949687,2.11500448054,2.17076490294,2013-11-04 12:00:00
4703,2013-11-04 13:00:00,1383570000000,14.2637885821,2.12894995274,2.71215785417,2013-11-04 13:00:00
4703,2013-11-04 14:00:00,1383573600000,14.1657533266,1.79329207027,2.79915792772,2013-11-04 14:00:00
4703,2013-11-04 15:00:00,1383577200000,14.9928288201,2.39176101938,3.20359894812,2013-11-04 15:00:00
4703,2013-11-04 16:00:00,1383580800000,17.1599046069,2.38582650109,3.24684106251,2013-11-04 16:00:00
4703,2013-11-04 17:00:00,1383584400000,16.7627209045,1.79615894414,2.48782256205,2013-11-04 17:00:00
4703,2013-11-04 18:00:00,1383588000000,19.3889517144,2.04651185409,1.92226347943,2013-11-04 18:00:00
4703,2013-11-04 19:00:00,1383591600000,19.8784946272,1.76017605588,1.4032216974,2013-11-04 19:00:00
4703,2013-11-04 20:00:00,1383595200000,17.5553634404,2.60828413736,0.969685088421,2013-11-04 20:00:00
4703,2013-11-04 21:00:00,1383598800000,16.4153868539,2.09606925944,0.135424769144,2013-11-04 21:00:00
4703,2013-11-04 22:00:00,1383602400000,15.3122503586,0.625975000833,0.236748054361,2013-11-04 22:00:00
5060,2013-11-03 23:00:00,1383519600000,847.95035332,32.5692525729,14.2653119883,2013-11-03 23:00:00
5060,2013-11-04 00:00:00,1383523200000,790.813929074,20.8017522021,17.3013756083,2013-11-04 00:00:00
5060,2013-11-04 01:00:00,1383526800000,737.321475937,12.9116477651,3.03907838024,2013-11-04 01:00:00
5060,2013-11-04 02:00:00,1383530400000,733.931643639,1.8117946539,3.53101585908,2013-11-04 02:00:00
5060,2013-11-04 03:00:00,1383534000000,785.195329573,3.18820763406,2.33743027908,2013-11-04 03:00:00
5060,2013-11-04 04:00:00,1383537600000,774.207795922,9.72510307692,13.9421033482,2013-11-04 04:00:00
5060,2013-11-04 05:00:00,1383541200000,837.318977523,25.7624225622,19.9379009748,2013-11-04 05:00:00
5060,2013-11-04 06:00:00,1383544800000,1364.78666208,144.69582456,109.628784185,2013-11-04 06:00:00
5060,2013-11-04 07:00:00,1383548400000,2514.80466718,506.372999975,425.163239741,2013-11-04 07:00:00
5060,2013-11-04 08:00:00,1383552000000,3663.43335489,657.716821986,752.612397007,2013-11-04 08:00:00
5060,2013-11-04 09:00:00,1383555600000,4293.56429803,902.117434858,1037.53444244,2013-11-04 09:00:00
5060,2013-11-04 10:00:00,1383559200000,5068.77467519,996.825920912,1149.04988741,2013-11-04 10:00:00
5060,2013-11-04 11:00:00,1383562800000,5535.47686729,1015.35901051,1150.06507373,2013-11-04 11:00:00
5060,2013-11-04 12:00:00,1383566400000,6562.73939055,1086.91120751,1010.16520758,2013-11-04 12:00:00
5060,2013-11-04 13:00:00,1383570000000,5950.20591553,1112.955478,1019.78959182,2013-11-04 13:00:00
5060,2013-11-04 14:00:00,1383573600000,5566.24865433,986.452505473,1013.439786,2013-11-04 14:00:00
5060,2013-11-04 15:00:00,1383577200000,5382.79535012,1094.28064892,1064.49547213,2013-11-04 15:00:00
5060,2013-11-04 16:00:00,1383580800000,5151.3644918,857.341505857,1027.76720915,2013-11-04 16:00:00
5060,2013-11-04 17:00:00,1383584400000,4798.45462209,631.613551701,829.861772762,2013-11-04 17:00:00
5060,2013-11-04 18:00:00,1383588000000,4511.56444702,651.840745178,635.424672558,2013-11-04 18:00:00
5060,2013-11-04 19:00:00,1383591600000,3802.60429712,426.552749659,375.459688808,2013-11-04 19:00:00
5060,2013-11-04 20:00:00,1383595200000,3158.8893956,493.87963333,243.535200323,2013-11-04 20:00:00
5060,2013-11-04 21:00:00,1383598800000,2765.13202873,272.834367015,104.228369809,2013-11-04 21:00:00
5060,2013-11-04 22:00:00,1383602400000,1823.97082052,105.092090965,54.6538263565,2013-11-04 22:00:00
4259,2013-11-04 23:00:00,1383606000000,1079.54259457,20.4394049879,10.6120526335,2013-11-04 23:00:00
4259,2013-11-05 00:00:00,1383609600000,757.319297788,7.58109976424,13.1174008904,2013-11-05 00:00:00
4259,2013-11-05 01:00:00,1383613200000,686.308508651,2.20504224205,0.724895359878,2013-11-05 01:00:00
4259,2013-11-05 02:00:00,1383616800000,648.845156586,1.36323020638,1.4681222718,2013-11-05 02:00:00
4259,2013-11-05 03:00:00,1383620400000,654.950159378,3.15726329084,0.77161015317,2013-11-05 03:00:00
4259,2013-11-05 04:00:00,1383624000000,692.853521021,5.74233492209,3.15137812072,2013-11-05 04:00:00
4259,2013-11-05 05:00:00,1383627600000,744.474726016,13.3001311727,8.67056489414,2013-11-05 05:00:00
4259,2013-11-05 06:00:00,1383631200000,1464.84655399,74.5721862622,47.4276767148,2013-11-05 06:00:00
4259,2013-11-05 07:00:00,1383634800000,2149.48654819,216.901064634,150.397698692,2013-11-05 07:00:00
4259,2013-11-05 08:00:00,1383638400000,2873.61247935,273.606977414,236.764442618,2013-11-05 08:00:00
4259,2013-11-05 09:00:00,1383642000000,3305.56358499,335.063555617,270.935195017,2013-11-05 09:00:00
4259,2013-11-05 10:00:00,1383645600000,3651.95390887,365.732625455,240.965638959,2013-11-05 10:00:00
4259,2013-11-05 11:00:00,1383649200000,4134.38949526,408.25745794,271.511195056,2013-11-05 11:00:00
4259,2013-11-05 12:00:00,1383652800000,3652.66513221,321.830806574,234.508671219,2013-11-05 12:00:00
4259,2013-11-05 13:00:00,1383656400000,4129.7031224,339.656141761,252.97073578,2013-11-05 13:00:00
4259,2013-11-05 14:00:00,1383660000000,3541.71788271,285.361828386,235.918428566,2013-11-05 14:00:00
4259,2013-11-05 15:00:00,1383663600000,3949.98829622,315.083527906,273.002139971,2013-11-05 15:00:00
4259,2013-11-05 16:00:00,1383667200000,4028.83631652,317.226869159,293.678164001,2013-11-05 16:00:00
4259,2013-11-05 17:00:00,1383670800000,3418.68848701,215.776687319,257.346522749,2013-11-05 17:00:00
4259,2013-11-05 18:00:00,1383674400000,2282.78809928,251.006428556,224.575137034,2013-11-05 18:00:00
4259,2013-11-05 19:00:00,1383678000000,1956.1633422,170.949684381,145.089456305,2013-11-05 19:00:00
4259,2013-11-05 20:00:00,1383681600000,2025.93530152,141.457257705,80.8650938785,2013-11-05 20:00:00
4259,2013-11-05 21:00:00,1383685200000,1580.67838655,83.9626697287,43.3885042522,2013-11-05 21:00:00
4259,2013-11-05 22:00:00,1383688800000,1278.66302856,82.7653441535,26.1463514145,2013-11-05 22:00:00
4456,2013-11-04 23:00:00,1383606000000,4112.72666475,144.608228359,54.959428364,2013-11-04 23:00:00
4456,2013-11-05 00:00:00,1383609600000,3454.75708735,52.1975824242,16.8273477078,2013-11-05 00:00:00
4456,2013-11-05 01:00:00,1383613200000,2694.37349033,9.80000240867,3.60323552626,2013-11-05 01:00:00
4456,2013-11-05 02:00:00,1383616800000,2218.88794861,9.80043080111,4.17776469371,2013-11-05 02:00:00
4456,2013-11-05 03:00:00,1383620400000,2041.87366866,7.37327489938,1.98641382628,2013-11-05 03:00:00
4456,2013-11-05 04:00:00,1383624000000,2047.33010634,14.0592500267,4.83030851796,2013-11-05 04:00:00
4456,2013-11-05 05:00:00,1383627600000,2388.01554809,32.5032442523,25.7399903651,2013-11-05 05:00:00
4456,2013-11-05 06:00:00,1383631200000,3884.08415153,157.603974766,76.0475467003,2013-11-05 06:00:00
4456,2013-11-05 07:00:00,1383634800000,5064.22833497,449.681743915,250.15192949,2013-11-05 07:00:00
4456,2013-11-05 08:00:00,1383638400000,4418.37196447,537.885715524,464.053088143,2013-11-05 08:00:00
4456,2013-11-05 09:00:00,1383642000000,4763.93031921,504.081499157,554.019892738,2013-11-05 09:00:00
4456,2013-11-05 10:00:00,1383645600000,5147.26920283,532.174938339,566.778738217,2013-11-05 10:00:00
4456,2013-11-05 11:00:00,1383649200000,5173.61650756,490.460358981,540.646891121,2013-11-05 11:00:00
4456,2013-11-05 12:00:00,1383652800000,5494.84328293,481.930984999,491.411293,2013-11-05 12:00:00
4456,2013-11-05 13:00:00,1383656400000,5217.93815142,472.287642007,494.952012542,2013-11-05 13:00:00
4456,2013-11-05 14:00:00,1383660000000,4939.92147522,459.8088276,520.87035604,2013-11-05 14:00:00
4456,2013-11-05 15:00:00,1383663600000,5017.06686499,455.287261139,539.294229751,2013-11-05 15:00:00
4456,2013-11-05 16:00:00,1383667200000,5172.87590383,534.693323289,534.791129557,2013-11-05 16:00:00
4456,2013-11-05 17:00:00,1383670800000,5090.06881848,458.251587836,575.35652008,2013-11-05 17:00:00
4456,2013-11-05 18:00:00,1383674400000,5610.37079744,559.414472856,522.678108921,2013-11-05 18:00:00
4456,2013-11-05 19:00:00,1383678000000,5723.62881555,471.759338076,435.428736718,2013-11-05 19:00:00
4456,2013-11-05 20:00:00,1383681600000,6405.08720336,522.468448701,311.582894799,2013-11-05 20:00:00
4456,2013-11-05 21:00:00,1383685200000,6133.5671116,477.671485385,211.78093478,2013-11-05 21:00:00
4456,2013-11-05 22:00:00,1383688800000,5167.51810019,339.523761429,140.850194953,2013-11-05 22:00:00
4703,2013-11-04 23:00:00,1383606000000,13.3943702788,0.46097683972,0.0984216345921,2013-11-04 23:00:00
4703,2013-11-05 00:00:00,1383609600000,10.6792269913,0.22584985105,0.010447151645,2013-11-05 00:00:00
4703,2013-11-05 01:00:00,1383613200000,8.54521863033,0.225537131377,0.0536505963119,2013-11-05 01:00:00
4703,2013-11-05 02:00:00,1383616800000,8.63393987266,0.233547139723,0.0281469737879,2013-11-05 02:00:00
4703,2013-11-05 03:00:00,1383620400000,9.64630171885,0.195309823717,0.0029013886048,2013-11-05 03:00:00
4703,2013-11-05 04:00:00,1383624000000,10.2584954626,0.207643584838,0.0421306729726,2013-11-05 04:00:00
4703,2013-11-05 05:00:00,1383627600000,10.8697694633,0.369553030543,0.194543946087,2013-11-05 05:00:00
4703,2013-11-05 06:00:00,1383631200000,15.8647826905,1.12663225042,0.843250640569,2013-11-05 06:00:00
4703,2013-11-05 07:00:00,1383634800000,17.1210114803,2.11264882466,1.96656960798,2013-11-05 07:00:00
4703,2013-11-05 08:00:00,1383638400000,17.8436777988,2.04421704664,2.7778276304,2013-11-05 08:00:00
4703,2013-11-05 09:00:00,1383642000000,13.9583603486,1.92479406162,3.02210860675,2013-11-05 09:00:00
4703,2013-11-05 10:00:00,1383645600000,12.5863115361,2.01993270933,2.96143571252,2013-11-05 10:00:00
4703,2013-11-05 11:00:00,1383649200000,13.0911945179,1.88425879678,2.7514293919,2013-11-05 11:00:00
4703,2013-11-05 12:00:00,1383652800000,13.5937773361,1.71254736887,2.34580261623,2013-11-05 12:00:00
4703,2013-11-05 13:00:00,1383656400000,15.4676961136,1.80574475718,2.54898693958,2013-11-05 13:00:00
4703,2013-11-05 14:00:00,1383660000000,16.0291639727,1.84874290076,2.79916096086,2013-11-05 14:00:00
4703,2013-11-05 15:00:00,1383663600000,16.2957216428,1.77879830274,2.67935526616,2013-11-05 15:00:00
4703,2013-11-05 16:00:00,1383667200000,19.1666286591,2.29237665656,3.47444486525,2013-11-05 16:00:00
4703,2013-11-05 17:00:00,1383670800000,19.1305124698,2.40855119842,2.93910240517,2013-11-05 17:00:00
4703,2013-11-05 18:00:00,1383674400000,21.9554252296,1.97507230924,2.13488859952,2013-11-05 18:00:00
4703,2013-11-05 19:00:00,1383678000000,17.6658444898,1.63276703363,1.27389892871,2013-11-05 19:00:00
4703,2013-11-05 20:00:00,1383681600000,16.2271019582,1.63949325656,0.679066735213,2013-11-05 20:00:00
4703,2013-11-05 21:00:00,1383685200000,16.4254730429,1.54526098928,0.256906899296,2013-11-05 21:00:00
4703,2013-11-05 22:00:00,1383688800000,26.6996530924,0.834166435281,0.174380419413,2013-11-05 22:00:00
5060,2013-11-04 23:00:00,1383606000000,1395.35565149,82.3697695448,27.2147856958,2013-11-04 23:00:00
5060,2013-11-05 00:00:00,1383609600000,1137.91597909,44.5365327055,20.0874571988,2013-11-05 00:00:00
5060,2013-11-05 01:00:00,1383613200000,963.023222372,16.2247363273,11.0561226602,2013-11-05 01:00:00
5060,2013-11-05 02:00:00,1383616800000,967.155045622,27.0100685728,4.77135129479,2013-11-05 02:00:00
5060,2013-11-05 03:00:00,1383620400000,989.966519197,20.2212595051,10.8466336066,2013-11-05 03:00:00
5060,2013-11-05 04:00:00,1383624000000,886.258408561,85.955062815,22.7246744156,2013-11-05 04:00:00
5060,2013-11-05 05:00:00,1383627600000,1074.92790575,69.1661690402,55.8340536035,2013-11-05 05:00:00
5060,2013-11-05 06:00:00,1383631200000,1675.20500988,253.513782081,149.858408039,2013-11-05 06:00:00
5060,2013-11-05 07:00:00,1383634800000,2922.10496382,499.326016975,498.767594211,2013-11-05 07:00:00
5060,2013-11-05 08:00:00,1383638400000,4153.68491427,907.308336981,889.75305149,2013-11-05 08:00:00
5060,2013-11-05 09:00:00,1383642000000,5136.67278933,999.748278859,1206.19939592,2013-11-05 09:00:00
5060,2013-11-05 10:00:00,1383645600000,5701.31780046,1263.0204858,1337.78266267,2013-11-05 10:00:00
5060,2013-11-05 11:00:00,1383649200000,6178.1854386,1307.4790045,1332.55031916,2013-11-05 11:00:00
5060,2013-11-05 12:00:00,1383652800000,7552.60818977,1284.7051295,1276.9907538,2013-11-05 12:00:00
5060,2013-11-05 13:00:00,1383656400000,6399.27249267,1199.50892913,1210.51971047,2013-11-05 13:00:00
5060,2013-11-05 14:00:00,1383660000000,5287.80025177,1178.1837459,1069.93558886,2013-11-05 14:00:00
5060,2013-11-05 15:00:00,1383663600000,5310.41107572,1112.29716672,1031.75739164,2013-11-05 15:00:00
5060,2013-11-05 16:00:00,1383667200000,5034.81311391,888.454101675,1098.22517659,2013-11-05 16:00:00
5060,2013-11-05 17:00:00,1383670800000,4900.19726086,669.001539286,944.494242407,2013-11-05 17:00:00
5060,2013-11-05 18:00:00,1383674400000,4444.08960294,634.894545329,670.610115028,2013-11-05 18:00:00
5060,2013-11-05 19:00:00,1383678000000,3248.97958678,375.564327606,299.317278462,2013-11-05 19:00:00
5060,2013-11-05 20:00:00,1383681600000,2246.09089131,257.115355624,217.913238402,2013-11-05 20:00:00
5060,2013-11-05 21:00:00,1383685200000,1968.90403832,154.900899132,82.5534426541,2013-11-05 21:00:00
5060,2013-11-05 22:00:00,1383688800000,1678.42473985,114.701207193,47.0625479318,2013-11-05 22:00:00
4259,2013-11-05 23:00:00,1383692400000,1140.42792216,26.6070651901,11.1555251534,2013-11-05 23:00:00
4259,2013-11-06 00:00:00,1383696000000,866.293445411,11.1410910371,12.4281432937,2013-11-06 00:00:00
4259,2013-11-06 01:00:00,1383699600000,807.299560736,3.29657153139,2.30727909738,2013-11-06 01:00:00
4259,2013-11-06 02:00:00,1383703200000,792.972535794,7.54237641004,0.628839482314,2013-11-06 02:00:00
4259,2013-11-06 03:00:00,1383706800000,692.004861901,3.75663504744,0.653065666044,2013-11-06 03:00:00
4259,2013-11-06 04:00:00,1383710400000,661.492881445,3.91104823611,2.03525498854,2013-11-06 04:00:00
4259,2013-11-06 05:00:00,1383714000000,709.337779326,11.4511436494,3.75486096993,2013-11-06 05:00:00
4259,2013-11-06 06:00:00,1383717600000,1127.69079069,72.9921149243,52.4977865401,2013-11-06 06:00:00
4259,2013-11-06 07:00:00,1383721200000,2364.99219088,236.244391524,155.544756145,2013-11-06 07:00:00
4259,2013-11-06 08:00:00,1383724800000,3074.63489977,316.183349595,246.93968467,2013-11-06 08:00:00
4259,2013-11-06 09:00:00,1383728400000,4156.79532724,409.509221383,275.455675192,2013-11-06 09:00:00
4259,2013-11-06 10:00:00,1383732000000,3967.46999399,397.98826446,266.236069015,2013-11-06 10:00:00
4259,2013-11-06 11:00:00,1383735600000,4601.37256592,449.910376423,333.561401284,2013-11-06 11:00:00
4259,2013-11-06 12:00:00,1383739200000,4688.59711108,411.522285864,273.142229177,2013-11-06 12:00:00
4259,2013-11-06 13:00:00,1383742800000,4562.55439485,425.667880904,299.535216752,2013-11-06 13:00:00
4259,2013-11-06 14:00:00,1383746400000,4252.45882096,359.711774437,243.751324271,2013-11-06 14:00:00
4259,2013-11-06 15:00:00,1383750000000,4341.96213269,400.261284455,291.421369082,2013-11-06 15:00:00
4259,2013-11-06 16:00:00,1383753600000,3774.87431716,347.8185354,304.930143019,2013-11-06 16:00:00
4259,2013-11-06 17:00:00,1383757200000,3264.30696661,236.034570206,283.752159336,2013-11-06 17:00:00
4259,2013-11-06 18:00:00,1383760800000,2648.73381966,290.013953159,224.140711438,2013-11-06 18:00:00
4259,2013-11-06 19:00:00,1383764400000,2530.02013926,155.365254367,153.22134405,2013-11-06 19:00:00
4259,2013-11-06 20:00:00,1383768000000,1718.21266121,98.0053053041,73.8425576479,2013-11-06 20:00:00
4259,2013-11-06 21:00:00,1383771600000,1600.91214521,98.0153026222,40.8859868244,2013-11-06 21:00:00
4259,2013-11-06 22:00:00,1383775200000,1240.85019446,92.5867670454,32.554375258,2013-11-06 22:00:00
4456,2013-11-05 23:00:00,1383692400000,4392.43539169,190.84419116,73.8642390283,2013-11-05 23:00:00
4456,2013-11-06 00:00:00,1383696000000,3461.91735459,58.396241442,27.4190459994,2013-11-06 00:00:00
4456,2013-11-06 01:00:00,1383699600000,2673.2278406,18.5624028847,9.47286330837,2013-11-06 01:00:00
4456,2013-11-06 02:00:00,1383703200000,2385.20406721,17.5100237722,9.39237258958,2013-11-06 02:00:00
4456,2013-11-06 03:00:00,1383706800000,2067.27523765,17.5370682456,1.68088268366,2013-11-06 03:00:00
4456,2013-11-06 04:00:00,1383710400000,2126.22644304,11.0836058649,6.3466759162,2013-11-06 04:00:00
4456,2013-11-06 05:00:00,1383714000000,2292.87445466,23.7197730166,24.8861054529,2013-11-06 05:00:00
4456,2013-11-06 06:00:00,1383717600000,3231.96428593,143.16176569,89.6037606574,2013-11-06 06:00:00
4456,2013-11-06 07:00:00,1383721200000,4270.90583529,370.703378116,274.432825554,2013-11-06 07:00:00
4456,2013-11-06 08:00:00,1383724800000,5377.83101573,524.709937624,439.419400053,2013-11-06 08:00:00
4456,2013-11-06 09:00:00,1383728400000,6868.75559794,536.721100656,528.186994835,2013-11-06 09:00:00
4456,2013-11-06 10:00:00,1383732000000,7092.58309615,453.725200256,574.448424068,2013-11-06 10:00:00
4456,2013-11-06 11:00:00,1383735600000,5096.40235897,514.467902585,491.012017417,2013-11-06 11:00:00
4456,2013-11-06 12:00:00,1383739200000,5089.30184562,485.362027805,450.328621598,2013-11-06 12:00:00
4456,2013-11-06 13:00:00,1383742800000,4917.26407091,486.444019221,455.499487848,2013-11-06 13:00:00
4456,2013-11-06 14:00:00,1383746400000,5031.31421594,441.630712176,482.579336354,2013-11-06 14:00:00
4456,2013-11-06 15:00:00,1383750000000,4955.5425399,485.926080457,531.779602573,2013-11-06 15:00:00
4456,2013-11-06 16:00:00,1383753600000,4654.24990038,483.623955616,571.22571833,2013-11-06 16:00:00
4456,2013-11-06 17:00:00,1383757200000,5266.36971274,501.086599449,576.075192382,2013-11-06 17:00:00
4456,2013-11-06 18:00:00,1383760800000,5347.33429407,538.962645361,526.417839551,2013-11-06 18:00:00
4456,2013-11-06 19:00:00,1383764400000,5733.49548109,537.676914343,481.628300725,2013-11-06 19:00:00
4456,2013-11-06 20:00:00,1383768000000,6451.74932663,576.486312192,326.750282783,2013-11-06 20:00:00
4456,2013-11-06 21:00:00,1383771600000,7125.60344221,437.454293007,192.36731531,2013-11-06 21:00:00
4456,2013-11-06 22:00:00,1383775200000,6134.82323813,346.184087713,164.590334331,2013-11-06 22:00:00
4703,2013-11-05 23:00:00,1383692400000,10.2246720621,0.758212845,0.0736219579804,2013-11-05 23:00:00
4703,2013-11-06 00:00:00,1383696000000,9.1474000907,0.201724125633,0.0120094201036,2013-11-06 00:00:00
4703,2013-11-06 01:00:00,1383699600000,8.46325499084,0.177134605955,0.0610464077629,2013-11-06 01:00:00
4703,2013-11-06 02:00:00,1383703200000,8.2470947674,0.185942440403,0.00164253329326,2013-11-06 02:00:00
4703,2013-11-06 03:00:00,1383706800000,8.49780499238,0.158720177301,0.00906635131393,2013-11-06 03:00:00
4703,2013-11-06 04:00:00,1383710400000,9.74110465012,0.243954317469,0.0307297788798,2013-11-06 04:00:00
4703,2013-11-06 05:00:00,1383714000000,11.2252280181,0.454189717369,0.155675951221,2013-11-06 05:00:00
4703,2013-11-06 06:00:00,1383717600000,14.0616844672,1.06984449084,0.658178294462,2013-11-06 06:00:00
4703,2013-11-06 07:00:00,1383721200000,15.6544251042,2.0810591239,1.94077391985,2013-11-06 07:00:00
4703,2013-11-06 08:00:00,1383724800000,17.6522228772,2.24479569382,2.68632181464,2013-11-06 08:00:00
4703,2013-11-06 09:00:00,1383728400000,14.5061480973,2.03326870926,2.781672861,2013-11-06 09:00:00
4703,2013-11-06 10:00:00,1383732000000,13.1158846243,1.55076214453,2.98688464895,2013-11-06 10:00:00
4703,2013-11-06 11:00:00,1383735600000,13.7888522634,1.8119291297,2.3566360714,2013-11-06 11:00:00
4703,2013-11-06 12:00:00,1383739200000,14.9327880028,1.86381952537,2.02504223485,2013-11-06 12:00:00
4703,2013-11-06 13:00:00,1383742800000,14.4869581957,1.80462348301,2.64643864137,2013-11-06 13:00:00
4703,2013-11-06 14:00:00,1383746400000,12.6575037408,2.06856507422,2.77515229452,2013-11-06 14:00:00
4703,2013-11-06 15:00:00,1383750000000,15.7264159021,2.75902096125,2.6670171613,2013-11-06 15:00:00
4703,2013-11-06 16:00:00,1383753600000,17.4941350417,2.3444942381,3.07765095131,2013-11-06 16:00:00
4703,2013-11-06 17:00:00,1383757200000,19.8048407469,1.38853702886,2.51830476234,2013-11-06 17:00:00
4703,2013-11-06 18:00:00,1383760800000,16.7067965408,1.82181958169,1.78591918528,2013-11-06 18:00:00
4703,2013-11-06 19:00:00,1383764400000,21.3272140742,1.86573291932,1.38739190508,2013-11-06 19:00:00
4703,2013-11-06 20:00:00,1383768000000,16.848934737,2.17528384253,0.527410803471,2013-11-06 20:00:00
4703,2013-11-06 21:00:00,1383771600000,12.6987959372,1.9328650945,0.462331370705,2013-11-06 21:00:00
4703,2013-11-06 22:00:00,1383775200000,9.9384070324,0.70722439314,0.19872980946,2013-11-06 22:00:00
5060,2013-11-05 23:00:00,1383692400000,1307.14171311,107.465562522,24.4092795446,2013-11-05 23:00:00
5060,2013-11-06 00:00:00,1383696000000,1047.96520223,57.6915331922,12.862643741,2013-11-06 00:00:00
5060,2013-11-06 01:00:00,1383699600000,986.61734354,13.1170201938,10.3900903057,2013-11-06 01:00:00
5060,2013-11-06 02:00:00,1383703200000,990.068703134,23.5293405385,21.2006360923,2013-11-06 02:00:00
5060,2013-11-06 03:00:00,1383706800000,966.602591379,18.2553721402,9.67488662172,2013-11-06 03:00:00
5060,2013-11-06 04:00:00,1383710400000,878.063643856,15.7230690517,11.9084477086,2013-11-06 04:00:00
5060,2013-11-06 05:00:00,1383714000000,909.038621612,50.4529526403,18.1127756065,2013-11-06 05:00:00
5060,2013-11-06 06:00:00,1383717600000,1266.71342979,151.017947037,97.7638149858,2013-11-06 06:00:00
5060,2013-11-06 07:00:00,1383721200000,2587.66791064,606.663641913,433.443999689,2013-11-06 07:00:00
5060,2013-11-06 08:00:00,1383724800000,3545.28836685,827.232638058,883.020831697,2013-11-06 08:00:00
5060,2013-11-06 09:00:00,1383728400000,4237.89895714,1068.98787311,1103.95748493,2013-11-06 09:00:00
5060,2013-11-06 10:00:00,1383732000000,5166.74323811,1050.70092744,1218.14712761,2013-11-06 10:00:00
5060,2013-11-06 11:00:00,1383735600000,5949.94717819,1293.31406294,1289.44602983,2013-11-06 11:00:00
5060,2013-11-06 12:00:00,1383739200000,7501.27657759,1222.73397146,1241.7551469,2013-11-06 12:00:00
5060,2013-11-06 13:00:00,1383742800000,6437.75927487,1216.03062259,1156.7792892,2013-11-06 13:00:00
5060,2013-11-06 14:00:00,1383746400000,5464.92101489,982.891220776,1025.85922978,2013-11-06 14:00:00
5060,2013-11-06 15:00:00,1383750000000,5612.2629356,938.432817175,1089.96511817,2013-11-06 15:00:00
5060,2013-11-06 16:00:00,1383753600000,5326.92978203,963.772291018,1047.61778091,2013-11-06 16:00:00
5060,2013-11-06 17:00:00,1383757200000,4810.63118903,754.737619378,906.029911329,2013-11-06 17:00:00
5060,2013-11-06 18:00:00,1383760800000,3972.36715544,561.688793511,637.076826104,2013-11-06 18:00:00
5060,2013-11-06 19:00:00,1383764400000,2858.83600137,389.268604298,307.893971937,2013-11-06 19:00:00
5060,2013-11-06 20:00:00,1383768000000,2303.41034477,265.218138051,172.708195727,2013-11-06 20:00:00
5060,2013-11-06 21:00:00,1383771600000,2329.59000874,151.089408162,74.2120214497,2013-11-06 21:00:00
5060,2013-11-06 22:00:00,1383775200000,1633.17671162,133.796748502,43.1235725544,2013-11-06 22:00:00
4259,2013-11-06 23:00:00,1383778800000,1144.10685372,35.8803236533,8.56115491389,2013-11-06 23:00:00
4259,2013-11-07 00:00:00,1383782400000,1048.81082921,11.5930873204,15.5744940451,2013-11-07 00:00:00
4259,2013-11-07 01:00:00,1383786000000,920.920535235,4.40546383743,2.21466842385,2013-11-07 01:00:00
4259,2013-11-07 02:00:00,1383789600000,817.532744528,8.45944708157,1.10981162001,2013-11-07 02:00:00
4259,2013-11-07 03:00:00,1383793200000,827.18294059,3.53927316557,1.3679510735,2013-11-07 03:00:00
4259,2013-11-07 04:00:00,1383796800000,736.565317899,5.28589832712,1.94120729946,2013-11-07 04:00:00
4259,2013-11-07 05:00:00,1383800400000,763.3337577,11.0244736133,12.4459962076,2013-11-07 05:00:00
4259,2013-11-07 06:00:00,1383804000000,1242.8485785,77.1838177402,35.0455263802,2013-11-07 06:00:00
4259,2013-11-07 07:00:00,1383807600000,2440.63710231,222.471786505,171.391108258,2013-11-07 07:00:00
4259,2013-11-07 08:00:00,1383811200000,3190.5440823,293.730500025,208.682610823,2013-11-07 08:00:00
4259,2013-11-07 09:00:00,1383814800000,3701.9886957,330.792675455,255.610463179,2013-11-07 09:00:00
4259,2013-11-07 10:00:00,1383818400000,3560.49872653,378.695854098,254.098620357,2013-11-07 10:00:00
4259,2013-11-07 11:00:00,1383822000000,4436.6991622,399.799174705,268.628431424,2013-11-07 11:00:00
4259,2013-11-07 12:00:00,1383825600000,4436.41176587,386.885335872,231.243082763,2013-11-07 12:00:00
4259,2013-11-07 13:00:00,1383829200000,4577.50230035,399.323768727,254.567777973,2013-11-07 13:00:00
4259,2013-11-07 14:00:00,1383832800000,4581.29331788,322.432128383,252.378063257,2013-11-07 14:00:00
4259,2013-11-07 15:00:00,1383836400000,4108.63024861,437.696871233,276.824084081,2013-11-07 15:00:00
4259,2013-11-07 16:00:00,1383840000000,3750.88691109,385.96561246,331.391256802,2013-11-07 16:00:00
4259,2013-11-07 17:00:00,1383843600000,3585.87855469,261.733970463,271.064096235,2013-11-07 17:00:00
4259,2013-11-07 18:00:00,1383847200000,2852.67685367,207.656433833,256.098780867,2013-11-07 18:00:00
4259,2013-11-07 19:00:00,1383850800000,2150.07467596,139.050923713,148.412380993,2013-11-07 19:00:00
4259,2013-11-07 20:00:00,1383854400000,1697.63794317,126.719479414,85.3268771589,2013-11-07 20:00:00
4259,2013-11-07 21:00:00,1383858000000,1527.98298129,92.6079809096,46.5976471846,2013-11-07 21:00:00
4259,2013-11-07 22:00:00,1383861600000,1248.21482811,69.7778322167,31.2625351843,2013-11-07 22:00:00
4456,2013-11-06 23:00:00,1383778800000,4641.5945139,170.90405708,78.6014797352,2013-11-06 23:00:00
4456,2013-11-07 00:00:00,1383782400000,3547.37941182,74.4936526696,28.0085334527,2013-11-07 00:00:00
4456,2013-11-07 01:00:00,1383786000000,2697.78452791,32.1077231913,9.90735853436,2013-11-07 01:00:00
4456,2013-11-07 02:00:00,1383789600000,2328.93104297,17.2742166305,5.35664652934,2013-11-07 02:00:00
4456,2013-11-07 03:00:00,1383793200000,2130.68892737,9.39406135509,3.57097799001,2013-11-07 03:00:00
4456,2013-11-07 04:00:00,1383796800000,2100.81721504,16.5368887061,9.42915241438,2013-11-07 04:00:00
4456,2013-11-07 05:00:00,1383800400000,2311.40593782,28.9241858151,19.6844059372,2013-11-07 05:00:00
4456,2013-11-07 06:00:00,1383804000000,3284.47856497,120.119324956,73.4573296508,2013-11-07 06:00:00
4456,2013-11-07 07:00:00,1383807600000,4822.02659478,329.706072153,256.255129997,2013-11-07 07:00:00
4456,2013-11-07 08:00:00,1383811200000,5034.70569299,460.493472555,424.918895732,2013-11-07 08:00:00
4456,2013-11-07 09:00:00,1383814800000,5118.91135383,472.660022766,500.010112633,2013-11-07 09:00:00
4456,2013-11-07 10:00:00,1383818400000,4654.9467845,484.885173845,494.950646203,2013-11-07 10:00:00
4456,2013-11-07 11:00:00,1383822000000,5075.37911802,569.611895672,471.689832331,2013-11-07 11:00:00
4456,2013-11-07 12:00:00,1383825600000,5279.34126158,460.72802369,454.352698946,2013-11-07 12:00:00
4456,2013-11-07 13:00:00,1383829200000,5010.03076171,508.698740059,488.61182633,2013-11-07 13:00:00
4456,2013-11-07 14:00:00,1383832800000,4582.13590794,496.455256646,482.348624805,2013-11-07 14:00:00
4456,2013-11-07 15:00:00,1383836400000,4671.54233038,511.255587,507.108146668,2013-11-07 15:00:00
4456,2013-11-07 16:00:00,1383840000000,5268.50514687,513.390057198,566.136281872,2013-11-07 16:00:00
4456,2013-11-07 17:00:00,1383843600000,5192.28957116,503.328260218,598.712732746,2013-11-07 17:00:00
4456,2013-11-07 18:00:00,1383847200000,5361.0763477,519.41724345,553.137682195,2013-11-07 18:00:00
4456,2013-11-07 19:00:00,1383850800000,5367.34303532,501.953671534,456.812792469,2013-11-07 19:00:00
4456,2013-11-07 20:00:00,1383854400000,5593.55797968,461.73301816,346.089078442,2013-11-07 20:00:00
4456,2013-11-07 21:00:00,1383858000000,6059.51902462,432.820315357,209.727894353,2013-11-07 21:00:00
4456,2013-11-07 22:00:00,1383861600000,5851.60088903,450.602589814,188.269728145,2013-11-07 22:00:00
4703,2013-11-06 23:00:00,1383778800000,9.45765971665,0.538273557171,0.0985533632092,2013-11-06 23:00:00
4703,2013-11-07 00:00:00,1383782400000,8.55745935274,0.348412366414,0.055932567635,2013-11-07 00:00:00
4703,2013-11-07 01:00:00,1383786000000,8.72000827149,0.18111823074,0.0346953719681,2013-11-07 01:00:00
4703,2013-11-07 02:00:00,1383789600000,9.23584388164,0.15578163714,0.016572596341,2013-11-07 02:00:00
4703,2013-11-07 03:00:00,1383793200000,9.49872036124,0.141874876058,0.00951947114454,2013-11-07 03:00:00
4703,2013-11-07 04:00:00,1383796800000,9.80201327698,0.212260785258,0.0792670739178,2013-11-07 04:00:00
4703,2013-11-07 05:00:00,1383800400000,10.5496168679,0.357639212971,0.0977400983516,2013-11-07 05:00:00
4703,2013-11-07 06:00:00,1383804000000,14.922111861,0.895731745217,0.854928581245,2013-11-07 06:00:00
4703,2013-11-07 07:00:00,1383807600000,14.6689304076,2.31784144913,2.09586339081,2013-11-07 07:00:00
4703,2013-11-07 08:00:00,1383811200000,15.1237986162,1.99491885821,3.234770043,2013-11-07 08:00:00
4703,2013-11-07 09:00:00,1383814800000,14.90074135,1.77370142531,3.28213059081,2013-11-07 09:00:00
4703,2013-11-07 10:00:00,1383818400000,14.2905982391,1.98445021469,3.60356008029,2013-11-07 10:00:00
4703,2013-11-07 11:00:00,1383822000000,14.3463258921,1.84213018276,2.95220482459,2013-11-07 11:00:00
4703,2013-11-07 12:00:00,1383825600000,15.9051638769,3.72788073666,2.3588084581,2013-11-07 12:00:00
4703,2013-11-07 13:00:00,1383829200000,17.3242612764,2.52670960852,2.72777670393,2013-11-07 13:00:00
4703,2013-11-07 14:00:00,1383832800000,15.3357698609,2.06526552867,3.47295797985,2013-11-07 14:00:00
4703,2013-11-07 15:00:00,1383836400000,19.340992586,2.26274187831,3.30370600197,2013-11-07 15:00:00
4703,2013-11-07 16:00:00,1383840000000,17.5315989608,2.55171820578,2.95107355592,2013-11-07 16:00:00
4703,2013-11-07 17:00:00,1383843600000,15.6891802274,2.39621445356,2.85298586934,2013-11-07 17:00:00
4703,2013-11-07 18:00:00,1383847200000,15.9908286941,1.90210502227,1.60481300529,2013-11-07 18:00:00
4703,2013-11-07 19:00:00,1383850800000,18.9497212407,1.84100328392,1.7860779351,2013-11-07 19:00:00
4703,2013-11-07 20:00:00,1383854400000,18.4333569279,1.8986292644,0.617689709205,2013-11-07 20:00:00
4703,2013-11-07 21:00:00,1383858000000,15.2488233528,1.119788764,0.365151444207,2013-11-07 21:00:00
4703,2013-11-07 22:00:00,1383861600000,13.7713783978,0.853173161582,0.140578740563,2013-11-07 22:00:00
5060,2013-11-06 23:00:00,1383778800000,1331.82529939,72.9904075124,26.3191540126,2013-11-06 23:00:00
5060,2013-11-07 00:00:00,1383782400000,1127.07019556,36.6108465634,17.2552816184,2013-11-07 00:00:00
5060,2013-11-07 01:00:00,1383786000000,1821.75945291,15.9948000388,7.17047285205,2013-11-07 01:00:00
5060,2013-11-07 02:00:00,1383789600000,982.439490731,28.8437679822,2.05761969732,2013-11-07 02:00:00
5060,2013-11-07 03:00:00,1383793200000,929.088639411,30.839654148,7.4538252557,2013-11-07 03:00:00
5060,2013-11-07 04:00:00,1383796800000,839.671609319,16.440519041,13.6761033167,2013-11-07 04:00:00
5060,2013-11-07 05:00:00,1383800400000,890.05230233,42.4972128194,18.2659202322,2013-11-07 05:00:00
5060,2013-11-07 06:00:00,1383804000000,1304.59055347,140.634374545,110.243952031,2013-11-07 06:00:00
5060,2013-11-07 07:00:00,1383807600000,2509.79748545,578.466969549,424.104302244,2013-11-07 07:00:00
5060,2013-11-07 08:00:00,1383811200000,3781.28414465,812.567551136,902.654808076,2013-11-07 08:00:00
5060,2013-11-07 09:00:00,1383814800000,5035.67405491,957.632368699,1151.11517273,2013-11-07 09:00:00
5060,2013-11-07 10:00:00,1383818400000,5286.95955468,1340.25145283,1303.7561164,2013-11-07 10:00:00
5060,2013-11-07 11:00:00,1383822000000,5800.80516921,1372.71869822,1440.09939983,2013-11-07 11:00:00
5060,2013-11-07 12:00:00,1383825600000,7100.27797589,1372.22971763,1337.07897411,2013-11-07 12:00:00
5060,2013-11-07 13:00:00,1383829200000,6420.33631605,1207.9510272,1232.41760542,2013-11-07 13:00:00
5060,2013-11-07 14:00:00,1383832800000,5675.70354924,1142.32938919,1173.57892285,2013-11-07 14:00:00
5060,2013-11-07 15:00:00,1383836400000,5880.74927548,1210.978871,1113.45844808,2013-11-07 15:00:00
5060,2013-11-07 16:00:00,1383840000000,5258.07605542,994.547651165,1084.42673674,2013-11-07 16:00:00
5060,2013-11-07 17:00:00,1383843600000,4979.10195503,694.812520367,962.178188666,2013-11-07 17:00:00
5060,2013-11-07 18:00:00,1383847200000,4827.44056167,732.416847953,708.219454063,2013-11-07 18:00:00
5060,2013-11-07 19:00:00,1383850800000,3885.46901708,475.360062757,369.411926104,2013-11-07 19:00:00
5060,2013-11-07 20:00:00,1383854400000,3271.12105061,431.258962045,232.271714091,2013-11-07 20:00:00
5060,2013-11-07 21:00:00,1383858000000,3104.44310691,373.676020354,135.949975332,2013-11-07 21:00:00
5060,2013-11-07 22:00:00,1383861600000,2301.41798492,107.506508316,61.6521636365,2013-11-07 22:00:00
4259,2013-11-07 23:00:00,1383865200000,1183.93467169,44.1217761813,19.953549659,2013-11-07 23:00:00
4259,2013-11-08 00:00:00,1383868800000,935.748531789,14.9106671134,15.4974723482,2013-11-08 00:00:00
4259,2013-11-08 01:00:00,1383872400000,841.979423138,4.38931108864,3.94106472248,2013-11-08 01:00:00
4259,2013-11-08 02:00:00,1383876000000,810.146712039,3.20757440805,4.95956792023,2013-11-08 02:00:00
4259,2013-11-08 03:00:00,1383879600000,750.352703559,2.5950690461,2.03710577122,2013-11-08 03:00:00
4259,2013-11-08 04:00:00,1383883200000,764.212183117,10.8966858093,0.6970250288,2013-11-08 04:00:00
4259,2013-11-08 05:00:00,1383886800000,790.92525192,14.4302347472,9.02109557631,2013-11-08 05:00:00
4259,2013-11-08 06:00:00,1383890400000,1311.93663732,59.7379474215,47.6353365511,2013-11-08 06:00:00
4259,2013-11-08 07:00:00,1383894000000,2292.15889862,234.866758341,161.802352683,2013-11-08 07:00:00
4259,2013-11-08 08:00:00,1383897600000,2970.84279344,303.106061885,241.842270426,2013-11-08 08:00:00
4259,2013-11-08 09:00:00,1383901200000,3754.70629586,315.731506722,270.926916732,2013-11-08 09:00:00
4259,2013-11-08 10:00:00,1383904800000,3671.26556066,404.165832817,254.493551467,2013-11-08 10:00:00
4259,2013-11-08 11:00:00,1383908400000,4105.18729058,507.670836861,290.706964666,2013-11-08 11:00:00
4259,2013-11-08 12:00:00,1383912000000,4435.20053971,343.16076408,257.211155936,2013-11-08 12:00:00
4259,2013-11-08 13:00:00,1383915600000,3761.57975946,371.199182026,311.983679291,2013-11-08 13:00:00
4259,2013-11-08 14:00:00,1383919200000,3316.75471591,294.870229805,236.95979626,2013-11-08 14:00:00
4259,2013-11-08 15:00:00,1383922800000,3344.98864564,359.01574448,303.174510433,2013-11-08 15:00:00
4259,2013-11-08 16:00:00,1383926400000,3056.2988361,308.90413661,286.440565677,2013-11-08 16:00:00
4259,2013-11-08 17:00:00,1383930000000,2264.85020274,214.07089095,265.823029594,2013-11-08 17:00:00
4259,2013-11-08 18:00:00,1383933600000,2098.17462455,209.119985147,246.056541495,2013-11-08 18:00:00
4259,2013-11-08 19:00:00,1383937200000,1862.75566008,159.178253884,148.042755737,2013-11-08 19:00:00
4259,2013-11-08 20:00:00,1383940800000,1562.36272033,117.036947662,82.0743442407,2013-11-08 20:00:00
4259,2013-11-08 21:00:00,1383944400000,1355.45315737,83.5861094015,37.59880622,2013-11-08 21:00:00
4259,2013-11-08 22:00:00,1383948000000,1278.62975802,61.2161510738,35.6554773949,2013-11-08 22:00:00
4456,2013-11-07 23:00:00,1383865200000,4689.88768444,215.817882328,97.2627030515,2013-11-07 23:00:00
4456,2013-11-08 00:00:00,1383868800000,3934.45271849,65.2745762965,32.889435871,2013-11-08 00:00:00
4456,2013-11-08 01:00:00,1383872400000,2902.52033329,28.327776284,10.3107207435,2013-11-08 01:00:00
4456,2013-11-08 02:00:00,1383876000000,2614.02823689,8.78362380238,4.82541476544,2013-11-08 02:00:00
4456,2013-11-08 03:00:00,1383879600000,2025.88617497,30.2413403996,4.64501146382,2013-11-08 03:00:00
4456,2013-11-08 04:00:00,1383883200000,2047.34782682,14.5552084173,9.27725610934,2013-11-08 04:00:00
4456,2013-11-08 05:00:00,1383886800000,2267.77949936,21.2590103739,17.0634946006,2013-11-08 05:00:00
4456,2013-11-08 06:00:00,1383890400000,3212.65781419,129.578500337,91.4164725995,2013-11-08 06:00:00
4456,2013-11-08 07:00:00,1383894000000,4689.36444576,403.722799442,266.885764373,2013-11-08 07:00:00
4456,2013-11-08 08:00:00,1383897600000,4731.21367315,501.262661614,426.852178742,2013-11-08 08:00:00
4456,2013-11-08 09:00:00,1383901200000,4514.87037599,569.006497196,497.906226592,2013-11-08 09:00:00
4456,2013-11-08 10:00:00,1383904800000,5129.58802007,513.475514267,570.673658466,2013-11-08 10:00:00
4456,2013-11-08 11:00:00,1383908400000,5861.71286719,575.81176971,532.845983923,2013-11-08 11:00:00
4456,2013-11-08 12:00:00,1383912000000,5453.83841457,541.644587594,462.425990083,2013-11-08 12:00:00
4456,2013-11-08 13:00:00,1383915600000,5614.43973363,458.65694636,535.404366687,2013-11-08 13:00:00
4456,2013-11-08 14:00:00,1383919200000,5536.54697641,497.56496105,509.679386139,2013-11-08 14:00:00
4456,2013-11-08 15:00:00,1383922800000,4916.12402023,505.578618403,511.829391939,2013-11-08 15:00:00
4456,2013-11-08 16:00:00,1383926400000,5013.60715005,492.73716263,567.403320934,2013-11-08 16:00:00
4456,2013-11-08 17:00:00,1383930000000,5325.97153336,456.383825768,578.280338261,2013-11-08 17:00:00
4456,2013-11-08 18:00:00,1383933600000,5863.96248121,556.91657396,594.47800095,2013-11-08 18:00:00
4456,2013-11-08 19:00:00,1383937200000,5902.56002203,504.579200974,472.171290665,2013-11-08 19:00:00
4456,2013-11-08 20:00:00,1383940800000,6583.36598765,521.913713175,341.249431555,2013-11-08 20:00:00
4456,2013-11-08 21:00:00,1383944400000,6580.80929784,404.193641947,223.200192406,2013-11-08 21:00:00
4456,2013-11-08 22:00:00,1383948000000,5708.9694375,361.799026043,191.033365384,2013-11-08 22:00:00
4703,2013-11-07 23:00:00,1383865200000,10.6961861443,0.600875628545,0.108655794506,2013-11-07 23:00:00
4703,2013-11-08 00:00:00,1383868800000,10.5658668019,0.313706277551,0.0919841804842,2013-11-08 00:00:00
4703,2013-11-08 01:00:00,1383872400000,9.12014166684,0.174444957631,0.00899157364652,2013-11-08 01:00:00
4703,2013-11-08 02:00:00,1383876000000,8.28296538402,0.297187476761,0.000411439645737,2013-11-08 02:00:00
4703,2013-11-08 03:00:00,1383879600000,7.97485087761,0.142804229768,0.0287563828363,2013-11-08 03:00:00
4703,2013-11-08 04:00:00,1383883200000,8.23172274801,0.208310633277,0.0326443718889,2013-11-08 04:00:00
4703,2013-11-08 05:00:00,1383886800000,10.0965982976,0.361763011237,0.174017389487,2013-11-08 05:00:00
4703,2013-11-08 06:00:00,1383890400000,14.1808800147,0.892991214994,0.582756171425,2013-11-08 06:00:00
4703,2013-11-08 07:00:00,1383894000000,15.6604986127,2.04581578996,2.23297380303,2013-11-08 07:00:00
4703,2013-11-08 08:00:00,1383897600000,14.3190432534,2.12171715244,2.96862506318,2013-11-08 08:00:00
4703,2013-11-08 09:00:00,1383901200000,15.2823546433,2.30621163616,3.2794664694,2013-11-08 09:00:00
4703,2013-11-08 10:00:00,1383904800000,13.2352816034,2.53193600573,3.11685764475,2013-11-08 10:00:00
4703,2013-11-08 11:00:00,1383908400000,13.6115990426,2.50665767039,2.84209296215,2013-11-08 11:00:00
4703,2013-11-08 12:00:00,1383912000000,15.2215848244,2.19074946015,2.10718879141,2013-11-08 12:00:00
4703,2013-11-08 13:00:00,1383915600000,16.8649387255,1.98916884383,2.56509174375,2013-11-08 13:00:00
4703,2013-11-08 14:00:00,1383919200000,16.2738565484,1.9768586089,2.57196326318,2013-11-08 14:00:00
4703,2013-11-08 15:00:00,1383922800000,18.4413131709,1.65550246954,2.49485648475,2013-11-08 15:00:00
4703,2013-11-08 16:00:00,1383926400000,16.1136888018,2.8888136254,2.85956422127,2013-11-08 16:00:00
4703,2013-11-08 17:00:00,1383930000000,21.5528611993,2.78624443444,2.34157916491,2013-11-08 17:00:00
4703,2013-11-08 18:00:00,1383933600000,16.3672569945,2.09230287444,1.71584329652,2013-11-08 18:00:00
4703,2013-11-08 19:00:00,1383937200000,17.0463709955,1.93997450559,0.997955436271,2013-11-08 19:00:00
4703,2013-11-08 20:00:00,1383940800000,15.4417815994,2.38528934359,0.818568462151,2013-11-08 20:00:00
4703,2013-11-08 21:00:00,1383944400000,14.609226228,1.39914640226,0.160703138459,2013-11-08 21:00:00
4703,2013-11-08 22:00:00,1383948000000,12.1640819966,0.747601079009,0.167898382091,2013-11-08 22:00:00
5060,2013-11-07 23:00:00,1383865200000,1733.046068,44.8182983865,35.4172878442,2013-11-07 23:00:00
5060,2013-11-08 00:00:00,1383868800000,1411.64820254,33.6245823405,11.7743239488,2013-11-08 00:00:00
5060,2013-11-08 01:00:00,1383872400000,1141.28886502,14.1794356644,4.75142604453,2013-11-08 01:00:00
5060,2013-11-08 02:00:00,1383876000000,1086.93796672,8.97579828671,2.53130551183,2013-11-08 02:00:00
5060,2013-11-08 03:00:00,1383879600000,1029.07368543,28.8106239371,7.42518232437,2013-11-08 03:00:00
5060,2013-11-08 04:00:00,1383883200000,1076.80309572,19.0303947094,14.3089654252,2013-11-08 04:00:00
5060,2013-11-08 05:00:00,1383886800000,1008.25193714,44.2721018934,27.9223168423,2013-11-08 05:00:00
5060,2013-11-08 06:00:00,1383890400000,1467.65155578,139.42473517,121.384682215,2013-11-08 06:00:00
5060,2013-11-08 07:00:00,1383894000000,3030.25110508,503.08759025,414.251836422,2013-11-08 07:00:00
5060,2013-11-08 08:00:00,1383897600000,4105.56697362,909.644771047,818.506677322,2013-11-08 08:00:00
5060,2013-11-08 09:00:00,1383901200000,5270.24387625,1032.71646938,1061.06320369,2013-11-08 09:00:00
5060,2013-11-08 10:00:00,1383904800000,5426.91859358,1273.71657741,1279.94048096,2013-11-08 10:00:00
5060,2013-11-08 11:00:00,1383908400000,6019.18150529,1335.54598063,1390.76577759,2013-11-08 11:00:00
5060,2013-11-08 12:00:00,1383912000000,6570.28657616,1405.36743025,1236.59402051,2013-11-08 12:00:00
5060,2013-11-08 13:00:00,1383915600000,6758.14024287,1216.00622589,1137.81003249,2013-11-08 13:00:00
5060,2013-11-08 14:00:00,1383919200000,6137.74287777,1136.30570277,1144.97010794,2013-11-08 14:00:00
5060,2013-11-08 15:00:00,1383922800000,5861.90039301,1145.70895824,1007.35111262,2013-11-08 15:00:00
5060,2013-11-08 16:00:00,1383926400000,5188.59189795,1081.05445305,1032.68517861,2013-11-08 16:00:00
5060,2013-11-08 17:00:00,1383930000000,4527.21466897,822.170151332,787.783047274,2013-11-08 17:00:00
5060,2013-11-08 18:00:00,1383933600000,3497.6800982,508.501708887,531.818597421,2013-11-08 18:00:00
5060,2013-11-08 19:00:00,1383937200000,2273.92933662,300.413351944,271.2620227,2013-11-08 19:00:00
5060,2013-11-08 20:00:00,1383940800000,1675.03032427,153.271627626,135.259624447,2013-11-08 20:00:00
5060,2013-11-08 21:00:00,1383944400000,1993.66563142,190.63527005,106.556262025,2013-11-08 21:00:00
5060,2013-11-08 22:00:00,1383948000000,1472.11989738,152.68679824,77.514388547,2013-11-08 22:00:00
4259,2013-11-08 23:00:00,1383951600000,1452.05883471,59.5782435537,28.3697819185,2013-11-08 23:00:00
4259,2013-11-09 00:00:00,1383955200000,1251.41125448,25.4468969604,15.0127763641,2013-11-09 00:00:00
4259,2013-11-09 01:00:00,1383958800000,959.968030811,20.5245435882,7.64174741914,2013-11-09 01:00:00
4259,2013-11-09 02:00:00,1383962400000,805.623608136,12.6047135533,5.73086158375,2013-11-09 02:00:00
4259,2013-11-09 03:00:00,1383966000000,735.960230549,6.1452026995,5.27428808452,2013-11-09 03:00:00
4259,2013-11-09 04:00:00,1383969600000,719.89700481,12.4469972105,3.96269521239,2013-11-09 04:00:00
4259,2013-11-09 05:00:00,1383973200000,699.45213153,5.71012877295,6.65747867948,2013-11-09 05:00:00
4259,2013-11-09 06:00:00,1383976800000,793.390787267,23.7032056003,19.0767181246,2013-11-09 06:00:00
4259,2013-11-09 07:00:00,1383980400000,1185.66179931,91.9686486696,50.2893361307,2013-11-09 07:00:00
4259,2013-11-09 08:00:00,1383984000000,1401.60492363,136.770759148,112.433342526,2013-11-09 08:00:00
4259,2013-11-09 09:00:00,1383987600000,1459.56512148,164.905477313,158.670488716,2013-11-09 09:00:00
4259,2013-11-09 10:00:00,1383991200000,1994.34121029,209.971232508,175.721231667,2013-11-09 10:00:00
4259,2013-11-09 11:00:00,1383994800000,2310.07456526,237.199488362,173.030753167,2013-11-09 11:00:00
4259,2013-11-09 12:00:00,1383998400000,2108.55263989,197.783734057,169.179039773,2013-11-09 12:00:00
4259,2013-11-09 13:00:00,1384002000000,1794.61529281,151.674311205,118.043576812,2013-11-09 13:00:00
4259,2013-11-09 14:00:00,1384005600000,1833.0777948,143.861894133,120.294461546,2013-11-09 14:00:00
4259,2013-11-09 15:00:00,1384009200000,1935.31178342,137.472487428,133.007095452,2013-11-09 15:00:00
4259,2013-11-09 16:00:00,1384012800000,1987.51722842,221.103722399,148.838741989,2013-11-09 16:00:00
4259,2013-11-09 17:00:00,1384016400000,1822.8043429,174.48021901,160.252491537,2013-11-09 17:00:00
4259,2013-11-09 18:00:00,1384020000000,1511.36377774,97.0600177359,129.956477837,2013-11-09 18:00:00
4259,2013-11-09 19:00:00,1384023600000,1690.53380539,98.5209692881,100.58158807,2013-11-09 19:00:00
4259,2013-11-09 20:00:00,1384027200000,1374.80039554,78.7853649754,63.8287542044,2013-11-09 20:00:00
4259,2013-11-09 21:00:00,1384030800000,1543.29409572,71.9637946807,47.7483735097,2013-11-09 21:00:00
4259,2013-11-09 22:00:00,1384034400000,1437.72405237,57.9534579355,56.1614904696,2013-11-09 22:00:00
4456,2013-11-08 23:00:00,1383951600000,5285.58557143,232.203146456,122.268191312,2013-11-08 23:00:00
4456,2013-11-09 00:00:00,1383955200000,4149.19382338,110.643213343,70.4672123792,2013-11-09 00:00:00
4456,2013-11-09 01:00:00,1383958800000,3248.30087306,66.0458992397,28.1161948822,2013-11-09 01:00:00
4456,2013-11-09 02:00:00,1383962400000,2473.67929226,37.079290538,18.4423691172,2013-11-09 02:00:00
4456,2013-11-09 03:00:00,1383966000000,2356.45840407,19.3707276757,11.2378874573,2013-11-09 03:00:00
4456,2013-11-09 04:00:00,1383969600000,2092.74080329,17.4452118933,13.1111323185,2013-11-09 04:00:00
4456,2013-11-09 05:00:00,1383973200000,2165.97671722,32.2526690758,25.8179429964,2013-11-09 05:00:00
4456,2013-11-09 06:00:00,1383976800000,2457.32955606,49.7942168381,36.0518694337,2013-11-09 06:00:00
4456,2013-11-09 07:00:00,1383980400000,2960.60218981,224.020054188,89.3076275295,2013-11-09 07:00:00
4456,2013-11-09 08:00:00,1383984000000,4407.93044042,355.167921714,238.630817878,2013-11-09 08:00:00
4456,2013-11-09 09:00:00,1383987600000,5390.47400583,427.594046486,387.514004146,2013-11-09 09:00:00
4456,2013-11-09 10:00:00,1383991200000,5729.84301921,446.234295268,430.56989685,2013-11-09 10:00:00
4456,2013-11-09 11:00:00,1383994800000,5095.26525945,419.686530778,437.130835987,2013-11-09 11:00:00
4456,2013-11-09 12:00:00,1383998400000,5655.0994567,396.598751291,412.248719185,2013-11-09 12:00:00
4456,2013-11-09 13:00:00,1384002000000,5579.48246372,426.80361731,351.582855621,2013-11-09 13:00:00
4456,2013-11-09 14:00:00,1384005600000,5323.28496387,429.723696253,361.36734862,2013-11-09 14:00:00
4456,2013-11-09 15:00:00,1384009200000,4879.54438583,428.144213614,393.568890951,2013-11-09 15:00:00
4456,2013-11-09 16:00:00,1384012800000,5604.91683278,445.648522024,485.65053526,2013-11-09 16:00:00
4456,2013-11-09 17:00:00,1384016400000,6105.64372228,637.47469454,506.897014433,2013-11-09 17:00:00
4456,2013-11-09 18:00:00,1384020000000,6025.15953897,524.96778469,479.905558572,2013-11-09 18:00:00
4456,2013-11-09 19:00:00,1384023600000,6068.25996766,537.567977141,408.860074702,2013-11-09 19:00:00
4456,2013-11-09 20:00:00,1384027200000,6537.2313975,498.881102205,298.826626365,2013-11-09 20:00:00
4456,2013-11-09 21:00:00,1384030800000,6578.26941396,413.204556599,251.974891428,2013-11-09 21:00:00
4456,2013-11-09 22:00:00,1384034400000,6166.22869164,485.492450918,238.731345319,2013-11-09 22:00:00
4703,2013-11-08 23:00:00,1383951600000,9.3595430337,0.720714122429,0.162362966691,2013-11-08 23:00:00
4703,2013-11-09 00:00:00,1383955200000,8.11213878679,0.237451114729,0.0500829011231,2013-11-09 00:00:00
4703,2013-11-09 01:00:00,1383958800000,7.79124216594,0.167387368018,0.0198574180219,2013-11-09 01:00:00
4703,2013-11-09 02:00:00,1383962400000,6.78697204372,0.200439706963,0.0281469737879,2013-11-09 02:00:00
4703,2013-11-09 03:00:00,1383966000000,8.12261829589,0.162538931522,0.0307853105785,2013-11-09 03:00:00
4703,2013-11-09 04:00:00,1383969600000,7.43904742518,0.16649563828,0.0392213564523,2013-11-09 04:00:00
4703,2013-11-09 05:00:00,1383973200000,9.33312856312,0.243957189248,0.0314553984798,2013-11-09 05:00:00
4703,2013-11-09 06:00:00,1383976800000,9.53672584591,0.488259811852,0.30206294431,2013-11-09 06:00:00
4703,2013-11-09 07:00:00,1383980400000,9.99376235495,1.21490742785,0.633368671589,2013-11-09 07:00:00
4703,2013-11-09 08:00:00,1383984000000,11.2232571229,1.73245666097,1.26558284238,2013-11-09 08:00:00
4703,2013-11-09 09:00:00,1383987600000,13.4162548504,1.44237467624,1.98315241941,2013-11-09 09:00:00
4703,2013-11-09 10:00:00,1383991200000,12.8969455231,6.50200729675,2.02950966176,2013-11-09 10:00:00
4703,2013-11-09 11:00:00,1383994800000,15.1771873343,1.37272931734,1.51884449922,2013-11-09 11:00:00
4703,2013-11-09 12:00:00,1383998400000,16.2051994907,1.78149853887,1.69747682146,2013-11-09 12:00:00
4703,2013-11-09 13:00:00,1384002000000,25.7959110926,1.20980988014,1.96268902606,2013-11-09 13:00:00
4703,2013-11-09 14:00:00,1384005600000,15.8144960912,1.4747782231,1.71182749129,2013-11-09 14:00:00
4703,2013-11-09 15:00:00,1384009200000,18.4674486995,1.82404023292,1.52481502891,2013-11-09 15:00:00
4703,2013-11-09 16:00:00,1384012800000,18.9964831175,1.82663746429,1.64855022117,2013-11-09 16:00:00
4703,2013-11-09 17:00:00,1384016400000,16.500577176,1.75032380911,1.36758130167,2013-11-09 17:00:00
4703,2013-11-09 18:00:00,1384020000000,21.4869417236,1.69307497789,1.53445674456,2013-11-09 18:00:00
4703,2013-11-09 19:00:00,1384023600000,23.3978055995,2.04652923315,1.03323458035,2013-11-09 19:00:00
4703,2013-11-09 20:00:00,1384027200000,21.9107216855,0.962588985245,0.702436169643,2013-11-09 20:00:00
4703,2013-11-09 21:00:00,1384030800000,20.0197860186,0.658263757658,0.205565090521,2013-11-09 21:00:00
4703,2013-11-09 22:00:00,1384034400000,32.6383962739,0.719184330618,0.185424342521,2013-11-09 22:00:00
5060,2013-11-08 23:00:00,1383951600000,1469.39709936,168.468279079,32.5834929421,2013-11-08 23:00:00
5060,2013-11-09 00:00:00,1383955200000,2567.89638149,138.178854982,32.5166818735,2013-11-09 00:00:00
5060,2013-11-09 01:00:00,1383958800000,4566.50368739,179.415536307,35.87997318,2013-11-09 01:00:00
5060,2013-11-09 02:00:00,1383962400000,3740.48506556,119.4577866,58.279810807,2013-11-09 02:00:00
5060,2013-11-09 03:00:00,1383966000000,1785.7152116,76.1321041509,34.8212510197,2013-11-09 03:00:00
5060,2013-11-09 04:00:00,1383969600000,1089.87950136,18.6848641439,11.8928309127,2013-11-09 04:00:00
5060,2013-11-09 05:00:00,1383973200000,826.847558078,13.8753862261,12.8621349854,2013-11-09 05:00:00
5060,2013-11-09 06:00:00,1383976800000,953.052185851,54.0375232061,29.1022863537,2013-11-09 06:00:00
5060,2013-11-09 07:00:00,1383980400000,1373.88123699,105.802744159,65.2554450592,2013-11-09 07:00:00
5060,2013-11-09 08:00:00,1383984000000,1952.05647264,244.239319489,252.812579823,2013-11-09 08:00:00
5060,2013-11-09 09:00:00,1383987600000,2743.14065026,539.288148777,397.043202856,2013-11-09 09:00:00
5060,2013-11-09 10:00:00,1383991200000,4238.7767438,711.169009783,579.781076868,2013-11-09 10:00:00
5060,2013-11-09 11:00:00,1383994800000,4577.25322747,645.481777468,667.312760929,2013-11-09 11:00:00
5060,2013-11-09 12:00:00,1383998400000,5321.4492099,699.031777475,617.910787455,2013-11-09 12:00:00
5060,2013-11-09 13:00:00,1384002000000,5288.90505746,745.136852519,577.752748081,2013-11-09 13:00:00
5060,2013-11-09 14:00:00,1384005600000,5081.03512908,899.206867403,716.809651574,2013-11-09 14:00:00
5060,2013-11-09 15:00:00,1384009200000,6449.72632561,1017.60774557,858.186456721,2013-11-09 15:00:00
5060,2013-11-09 16:00:00,1384012800000,6712.00536189,1303.72500866,854.186648384,2013-11-09 16:00:00
5060,2013-11-09 17:00:00,1384016400000,6038.68374812,993.204720612,748.732196233,2013-11-09 17:00:00
5060,2013-11-09 18:00:00,1384020000000,5372.80909831,742.59543464,606.445244451,2013-11-09 18:00:00
5060,2013-11-09 19:00:00,1384023600000,3393.54779154,457.166790101,304.108936383,2013-11-09 19:00:00
5060,2013-11-09 20:00:00,1384027200000,2827.45472637,307.681077269,178.405300424,2013-11-09 20:00:00
5060,2013-11-09 21:00:00,1384030800000,2888.47103869,223.070720756,167.423958478,2013-11-09 21:00:00
5060,2013-11-09 22:00:00,1384034400000,2640.23774621,212.052294523,80.7567285911,2013-11-09 22:00:00
