time,time_interval,internet_traffic,time_display,sms_all,call_all
2013-11-02 23:00:00,1383433200000,603319.639281,2013-11-02 23:00:00,42675.1952449,15893.8948996
2013-11-02 23:10:00,1383433800000,584170.230913,2013-11-02 23:10:00,37045.9103445,14583.3887598
2013-11-02 23:20:00,1383434400000,569747.568061,2013-11-02 23:20:00,34776.9485932,12876.0247584
2013-11-02 23:30:00,1383435000000,555487.838135,2013-11-02 23:30:00,30898.8932269,10921.7708395
2013-11-02 23:40:00,1383435600000,541466.094732,2013-11-02 23:40:00,28155.2365113,10769.0259312
2013-11-02 23:50:00,1383436200000,516373.998087,2013-11-02 23:50:00,25204.5330218,9096.87532445
2013-11-03 00:00:00,1383436800000,514914.486696,2013-11-03 00:00:00,23549.5416673,8567.80256181
2013-11-03 00:10:00,1383437400000,489324.554131,2013-11-03 00:10:00,20567.6518216,7099.31267033
2013-11-03 00:20:00,1383438000000,464662.030614,2013-11-03 00:20:00,18948.4338914,6303.55283439
2013-11-03 00:30:00,1383438600000,455999.018333,2013-11-03 00:30:00,18899.8133485,5984.28031091
2013-11-03 00:40:00,1383439200000,443848.06699,2013-11-03 00:40:00,16649.7393983,5703.23751543
2013-11-03 00:50:00,1383439800000,429049.747648,2013-11-03 00:50:00,15393.3280487,5011.90159045
2013-11-03 01:00:00,1383440400000,419429.728995,2013-11-03 01:00:00,14620.8397644,4759.49040582
2013-11-03 01:10:00,1383441000000,405785.316233,2013-11-03 01:10:00,13560.176595,4398.68737809
2013-11-03 01:20:00,1383441600000,396434.016613,2013-11-03 01:20:00,12502.5523859,4074.37192559
2013-11-03 01:30:00,1383442200000,390228.887768,2013-11-03 01:30:00,12051.3638294,3608.59002763
2013-11-03 01:40:00,1383442800000,379432.37853,2013-11-03 01:40:00,10907.4129515,3383.47654737
2013-11-03 01:50:00,1383443400000,368134.998057,2013-11-03 01:50:00,10326.8777452,3101.01181424
2013-11-03 02:00:00,1383444000000,361624.031626,2013-11-03 02:00:00,10175.979118,3263.36532812
2013-11-03 02:10:00,1383444600000,357493.874776,2013-11-03 02:10:00,9756.16609165,2819.56816799
2013-11-03 02:20:00,1383445200000,338906.492322,2013-11-03 02:20:00,9267.97883293,2903.41494897
2013-11-03 02:30:00,1383445800000,334397.063055,2013-11-03 02:30:00,8436.04931994,2701.89713245
2013-11-03 02:40:00,1383446400000,332690.659917,2013-11-03 02:40:00,8435.50787907,2581.46743367
2013-11-03 02:50:00,1383447000000,321319.927686,2013-11-03 02:50:00,7801.45910054,2330.52951329
2013-11-03 03:00:00,1383447600000,316557.755175,2013-11-03 03:00:00,8165.15857849,2643.28116048
2013-11-03 03:10:00,1383448200000,306699.962525,2013-11-03 03:10:00,7858.26425938,2362.80952384
2013-11-03 03:20:00,1383448800000,303628.62032,2013-11-03 03:20:00,7719.71440321,2322.11880785
2013-11-03 03:30:00,1383449400000,308306.658312,2013-11-03 03:30:00,7224.49664866,2185.41581987
2013-11-03 03:40:00,1383450000000,302360.51272,2013-11-03 03:40:00,6758.88223978,2049.37400602
2013-11-03 03:50:00,1383450600000,302515.813833,2013-11-03 03:50:00,6970.39877232,2265.66609228
2013-11-03 04:00:00,1383451200000,300075.224568,2013-11-03 04:00:00,7147.54390483,2727.83620705
2013-11-03 04:10:00,1383451800000,294755.480118,2013-11-03 04:10:00,6779.25903839,2242.40030269
2013-11-03 04:20:00,1383452400000,292744.165031,2013-11-03 04:20:00,6585.65595953,2147.41860511
2013-11-03 04:30:00,1383453000000,290328.757008,2013-11-03 04:30:00,6602.42313105,2108.04957846
2013-11-03 04:40:00,1383453600000,289514.96611,2013-11-03 04:40:00,7170.09237119,2210.05799661
2013-11-03 04:50:00,1383454200000,289293.795883,2013-11-03 04:50:00,6860.64676891,2234.84299512
2013-11-03 05:00:00,1383454800000,294957.71953,2013-11-03 05:00:00,7369.4141637,2453.85329835
2013-11-03 05:10:00,1383455400000,293475.478757,2013-11-03 05:10:00,7217.23218176,2463.32912321
2013-11-03 05:20:00,1383456000000,295769.132158,2013-11-03 05:20:00,7374.60285286,2882.75112096
2013-11-03 05:30:00,1383456600000,299593.017694,2013-11-03 05:30:00,8216.81478947,2873.94948968
2013-11-03 05:40:00,1383457200000,302463.630898,2013-11-03 05:40:00,8635.12341856,3196.78292885
2013-11-03 05:50:00,1383457800000,310396.74006,2013-11-03 05:50:00,9188.98136747,3704.95124663
2013-11-03 06:00:00,1383458400000,317403.158346,2013-11-03 06:00:00,11009.5082951,4411.82664151
2013-11-03 06:10:00,1383459000000,316489.877578,2013-11-03 06:10:00,11223.9997972,4643.92729393
2013-11-03 06:20:00,1383459600000,322819.551335,2013-11-03 06:20:00,12553.8875984,4880.80844456
2013-11-03 06:30:00,1383460200000,329926.45659,2013-11-03 06:30:00,13542.0123525,5613.92147321
2013-11-03 06:40:00,1383460800000,336344.563565,2013-11-03 06:40:00,15124.5627974,6882.25105699
2013-11-03 06:50:00,1383461400000,341733.040359,2013-11-03 06:50:00,16844.1197394,7898.14962521
2013-11-03 07:00:00,1383462000000,360460.131362,2013-11-03 07:00:00,34616.062693,9987.98382277
2013-11-03 07:10:00,1383462600000,365469.879316,2013-11-03 07:10:00,35370.6605363,11361.9397601
2013-11-03 07:20:00,1383463200000,382334.497937,2013-11-03 07:20:00,37140.7009562,13753.0079407
2013-11-03 07:30:00,1383463800000,398834.857438,2013-11-03 07:30:00,40242.1975823,15968.4957657
2013-11-03 07:40:00,1383464400000,413931.630621,2013-11-03 07:40:00,44359.3964696,18674.1848881
2013-11-03 07:50:00,1383465000000,430729.795112,2013-11-03 07:50:00,45152.316042,22077.9438513
2013-11-03 08:00:00,1383465600000,460160.007691,2013-11-03 08:00:00,50621.7893486,25530.0669745
2013-11-03 08:10:00,1383466200000,472416.657155,2013-11-03 08:10:00,54284.5405454,28993.5428837
2013-11-03 08:20:00,1383466800000,489666.912891,2013-11-03 08:20:00,56437.1185912,33358.8013529
2013-11-03 08:30:00,1383467400000,511269.00355,2013-11-03 08:30:00,54102.8596243,36690.9878645
2013-11-03 08:40:00,1383468000000,523984.895412,2013-11-03 08:40:00,56942.662697,41406.2143739
2013-11-03 08:50:00,1383468600000,546121.903645,2013-11-03 08:50:00,57931.3278364,47043.9507568
2013-11-03 09:00:00,1383469200000,559270.683299,2013-11-03 09:00:00,60428.6301779,49995.8548572
2013-11-03 09:10:00,1383469800000,570578.606931,2013-11-03 09:10:00,65202.9130908,52866.6879893
2013-11-03 09:20:00,1383470400000,584099.693256,2013-11-03 09:20:00,65534.5250062,54986.1322726
2013-11-03 09:30:00,1383471000000,603980.177426,2013-11-03 09:30:00,67959.4496861,57390.3246065
2013-11-03 09:40:00,1383471600000,613632.601305,2013-11-03 09:40:00,71711.2459365,60315.7547871
2013-11-03 09:50:00,1383472200000,629458.011185,2013-11-03 09:50:00,76298.9185883,65976.336177
2013-11-03 10:00:00,1383472800000,648120.861971,2013-11-03 10:00:00,80354.1765304,69218.0277225
2013-11-03 10:10:00,1383473400000,643173.630139,2013-11-03 10:10:00,82242.4648394,69674.5875849
2013-11-03 10:20:00,1383474000000,648450.561799,2013-11-03 10:20:00,79237.9703279,71818.1618818
2013-11-03 10:30:00,1383474600000,659277.63131,2013-11-03 10:30:00,75282.7709877,70329.1042823
2013-11-03 10:40:00,1383475200000,657123.116615,2013-11-03 10:40:00,74740.1050068,71616.3002441
2013-11-03 10:50:00,1383475800000,663069.446428,2013-11-03 10:50:00,73737.6959047,71542.8957983
2013-11-03 11:00:00,1383476400000,668559.667112,2013-11-03 11:00:00,76117.9095217,71306.8723057
2013-11-03 11:10:00,1383477000000,672643.024318,2013-11-03 11:10:00,71547.7333054,71562.181144
2013-11-03 11:20:00,1383477600000,678894.438287,2013-11-03 11:20:00,72631.8215093,70559.4862519
2013-11-03 11:30:00,1383478200000,678456.231982,2013-11-03 11:30:00,73653.290851,67064.8649384
2013-11-03 11:40:00,1383478800000,665676.713798,2013-11-03 11:40:00,84662.6146613,63784.7481332
2013-11-03 11:50:00,1383479400000,670844.296374,2013-11-03 11:50:00,82669.7930503,60191.8755088
2013-11-03 12:00:00,1383480000000,671724.719656,2013-11-03 12:00:00,80511.259388,57830.7353453
2013-11-03 12:10:00,1383480600000,665667.722491,2013-11-03 12:10:00,72054.9649175,51953.6639742
2013-11-03 12:20:00,1383481200000,668316.226881,2013-11-03 12:20:00,66010.2681697,50007.7329876
2013-11-03 12:30:00,1383481800000,675795.743307,2013-11-03 12:30:00,63221.8327602,49474.5245451
2013-11-03 12:40:00,1383482400000,673080.05591,2013-11-03 12:40:00,62345.6532498,47559.6669396
2013-11-03 12:50:00,1383483000000,680332.433437,2013-11-03 12:50:00,63185.9852445,49207.0456201
2013-11-03 13:00:00,1383483600000,696083.68411,2013-11-03 13:00:00,64317.6842325,48449.4871744
2013-11-03 13:10:00,1383484200000,696659.627358,2013-11-03 13:10:00,73617.7887659,48817.1448401
2013-11-03 13:20:00,1383484800000,713605.082098,2013-11-03 13:20:00,76324.5170768,48759.3278821
2013-11-03 13:30:00,1383485400000,718595.015478,2013-11-03 13:30:00,65355.8898547,50417.0861317
2013-11-03 13:40:00,1383486000000,715723.555431,2013-11-03 13:40:00,66875.2195692,50496.9601291
2013-11-03 13:50:00,1383486600000,723149.442892,2013-11-03 13:50:00,67044.7373103,50403.740326
2013-11-03 14:00:00,1383487200000,735717.68499,2013-11-03 14:00:00,66402.7478803,51772.6773931
2013-11-03 14:10:00,1383487800000,742610.403392,2013-11-03 14:10:00,65613.4627553,50645.390971
2013-11-03 14:20:00,1383488400000,736736.749274,2013-11-03 14:20:00,67822.1727734,52729.4902417
2013-11-03 14:30:00,1383489000000,741431.832892,2013-11-03 14:30:00,66142.6171217,52131.7074391
2013-11-03 14:40:00,1383489600000,743528.508636,2013-11-03 14:40:00,66018.9244256,53134.1932141
2013-11-03 14:50:00,1383490200000,744600.691747,2013-11-03 14:50:00,68557.7487252,57040.0001374
2013-11-03 15:00:00,1383490800000,758015.633189,2013-11-03 15:00:00,67829.1219372,58414.5598623
2013-11-03 15:10:00,1383491400000,742882.414409,2013-11-03 15:10:00,74996.5930387,58399.6322698
2013-11-03 15:20:00,1383492000000,760554.128394,2013-11-03 15:20:00,76339.6489207,59528.9644454
2013-11-03 15:30:00,1383492600000,769064.918201,2013-11-03 15:30:00,69258.3841133,61352.162853
2013-11-03 15:40:00,1383493200000,760251.365977,2013-11-03 15:40:00,73566.4490517,63045.0966646
2013-11-03 15:50:00,1383493800000,781641.822084,2013-11-03 15:50:00,79223.4961933,69871.2757213
2013-11-03 16:00:00,1383494400000,776047.811344,2013-11-03 16:00:00,77247.8299851,72242.3561912
2013-11-03 16:10:00,1383495000000,788433.293892,2013-11-03 16:10:00,79816.9272373,74236.5082348
2013-11-03 16:20:00,1383495600000,781200.69905,2013-11-03 16:20:00,84367.9955251,73970.5531303
2013-11-03 16:30:00,1383496200000,784912.965742,2013-11-03 16:30:00,81273.8083019,75303.8116017
2013-11-03 16:40:00,1383496800000,789646.987732,2013-11-03 16:40:00,79777.6875347,76767.7827936
2013-11-03 16:50:00,1383497400000,787770.788198,2013-11-03 16:50:00,79025.4489145,77837.8556034
2013-11-03 17:00:00,1383498000000,787752.069039,2013-11-03 17:00:00,82485.1022542,75253.5513159
2013-11-03 17:10:00,1383498600000,785147.381487,2013-11-03 17:10:00,82020.6136327,73760.0926483
2013-11-03 17:20:00,1383499200000,785069.654498,2013-11-03 17:20:00,79270.4956157,72376.4821643
2013-11-03 17:30:00,1383499800000,788662.384194,2013-11-03 17:30:00,81406.5463359,72737.150051
2013-11-03 17:40:00,1383500400000,782652.465854,2013-11-03 17:40:00,82132.5030891,77167.4473486
2013-11-03 17:50:00,1383501000000,784506.49392,2013-11-03 17:50:00,83715.4013696,77765.1671325
2013-11-03 18:00:00,1383501600000,791902.899711,2013-11-03 18:00:00,85407.4644439,75916.8126016
2013-11-03 18:10:00,1383502200000,778794.191743,2013-11-03 18:10:00,81487.2135552,72184.8716754
2013-11-03 18:20:00,1383502800000,759362.351446,2013-11-03 18:20:00,79168.1898445,69694.3368026
2013-11-03 18:30:00,1383503400000,765407.743923,2013-11-03 18:30:00,78815.3783438,67809.4689958
2013-11-03 18:40:00,1383504000000,761342.171077,2013-11-03 18:40:00,75795.1821646,64535.8036228
2013-11-03 18:50:00,1383504600000,759931.288242,2013-11-03 18:50:00,73425.7716106,63009.1795913
2013-11-03 19:00:00,1383505200000,755682.723365,2013-11-03 19:00:00,74105.199498,59968.1370802
2013-11-03 19:10:00,1383505800000,755537.886421,2013-11-03 19:10:00,71836.5931514,55735.7056049
2013-11-03 19:20:00,1383506400000,755368.916287,2013-11-03 19:20:00,71763.5147106,54805.7081283
2013-11-03 19:30:00,1383507000000,763727.610802,2013-11-03 19:30:00,74272.2512924,54747.4123385
2013-11-03 19:40:00,1383507600000,772595.587782,2013-11-03 19:40:00,75522.7522626,51580.9864722
2013-11-03 19:50:00,1383508200000,765632.172657,2013-11-03 19:50:00,74729.9978849,48075.4870713
2013-11-03 20:00:00,1383508800000,767588.460267,2013-11-03 20:00:00,72718.3419941,45333.6699232
2013-11-03 20:10:00,1383509400000,768705.277532,2013-11-03 20:10:00,72448.7882652,42267.5339857
2013-11-03 20:20:00,1383510000000,754895.906809,2013-11-03 20:20:00,72864.4506974,39015.8653636
2013-11-03 20:30:00,1383510600000,762925.632424,2013-11-03 20:30:00,68551.6214742,37023.3538316
2013-11-03 20:40:00,1383511200000,751941.367159,2013-11-03 20:40:00,66511.3651105,32923.3838967
2013-11-03 20:50:00,1383511800000,741088.779544,2013-11-03 20:50:00,67210.0507855,32029.9365762
2013-11-03 21:00:00,1383512400000,751127.434086,2013-11-03 21:00:00,68450.0441296,29659.8416533
2013-11-03 21:10:00,1383513000000,740054.549809,2013-11-03 21:10:00,64781.9150136,26343.7048406
2013-11-03 21:20:00,1383513600000,730741.430978,2013-11-03 21:20:00,61448.0729716,24132.7147219
2013-11-03 21:30:00,1383514200000,728275.35036,2013-11-03 21:30:00,56970.4155762,21939.3890554
2013-11-03 21:40:00,1383514800000,716661.618681,2013-11-03 21:40:00,59253.4324656,21384.6738192
2013-11-03 21:50:00,1383515400000,696031.457146,2013-11-03 21:50:00,58356.5449299,18534.9269341
2013-11-03 22:00:00,1383516000000,685767.048108,2013-11-03 22:00:00,56935.6997052,17729.0310842
2013-11-03 22:10:00,1383516600000,671600.954507,2013-11-03 22:10:00,47891.8240122,16917.5738869
2013-11-03 22:20:00,1383517200000,652656.308063,2013-11-03 22:20:00,45231.5659064,15225.6888587
2013-11-03 22:30:00,1383517800000,637380.511673,2013-11-03 22:30:00,41686.4145444,13895.5971016
2013-11-03 22:40:00,1383518400000,620879.976307,2013-11-03 22:40:00,36974.4345755,11162.3376103
2013-11-03 22:50:00,1383519000000,604890.806594,2013-11-03 22:50:00,34438.0267266,10446.8996426
2013-11-03 23:00:00,1383519600000,589247.92618,2013-11-03 23:00:00,30528.9193574,9605.26819056
2013-11-03 23:10:00,1383520200000,564060.13456,2013-11-03 23:10:00,25691.4314857,8232.19714383
2013-11-03 23:20:00,1383520800000,547606.51863,2013-11-03 23:20:00,22994.336928,6866.05294484
2013-11-03 23:30:00,1383521400000,526957.149904,2013-11-03 23:30:00,20801.2681168,6215.64447922
2013-11-03 23:40:00,1383522000000,504844.979472,2013-11-03 23:40:00,18428.4035757,5437.78093183
2013-11-03 23:50:00,1383522600000,487908.053765,2013-11-03 23:50:00,15798.0016122,4461.61294399
2013-11-04 00:00:00,1383523200000,480374.688992,2013-11-04 00:00:00,14302.845441,4860.38562864
2013-11-04 00:10:00,1383523800000,461538.356573,2013-11-04 00:10:00,12924.4199936,3904.39895519
2013-11-04 00:20:00,1383524400000,440461.389321,2013-11-04 00:20:00,12226.3133293,3310.22728276
2013-11-04 00:30:00,1383525000000,432212.54889,2013-11-04 00:30:00,11137.5706102,2907.44741676
2013-11-04 00:40:00,1383525600000,416900.053873,2013-11-04 00:40:00,9872.90689566,2524.58001324
2013-11-04 00:50:00,1383526200000,412392.131322,2013-11-04 00:50:00,8880.60484776,2350.4376821
2013-11-04 01:00:00,1383526800000,408577.168168,2013-11-04 01:00:00,8733.52182371,2278.09526013
2013-11-04 01:10:00,1383527400000,392244.861114,2013-11-04 01:10:00,7730.89091348,2380.94516902
2013-11-04 01:20:00,1383528000000,388976.173285,2013-11-04 01:20:00,7775.87029174,2003.14312064
2013-11-04 01:30:00,1383528600000,380753.108745,2013-11-04 01:30:00,7578.40865667,1889.02530536
2013-11-04 01:40:00,1383529200000,371332.468532,2013-11-04 01:40:00,7938.87224037,1993.83468608
2013-11-04 01:50:00,1383529800000,364196.362216,2013-11-04 01:50:00,6796.66712557,1869.23449664
2013-11-04 02:00:00,1383530400000,363061.082352,2013-11-04 02:00:00,6523.25871035,2010.34475778
2013-11-04 02:10:00,1383531000000,353556.127706,2013-11-04 02:10:00,6292.34890123,1835.9738264
2013-11-04 02:20:00,1383531600000,349125.374142,2013-11-04 02:20:00,6576.3607584,1719.8560812
2013-11-04 02:30:00,1383532200000,344954.067208,2013-11-04 02:30:00,6271.96664105,1643.38513918
2013-11-04 02:40:00,1383532800000,343577.675894,2013-11-04 02:40:00,6286.09311713,1533.70460455
2013-11-04 02:50:00,1383533400000,337206.346004,2013-11-04 02:50:00,6030.94901434,1674.49288687
2013-11-04 03:00:00,1383534000000,336809.749921,2013-11-04 03:00:00,6375.21421784,1961.03523933
2013-11-04 03:10:00,1383534600000,330262.225872,2013-11-04 03:10:00,6004.1089417,1785.33400737
2013-11-04 03:20:00,1383535200000,330275.572737,2013-11-04 03:20:00,6040.97288752,1824.90383443
2013-11-04 03:30:00,1383535800000,331994.473555,2013-11-04 03:30:00,6097.64942467,2068.99988602
2013-11-04 03:40:00,1383536400000,327922.706557,2013-11-04 03:40:00,6161.91751628,1986.62600064
2013-11-04 03:50:00,1383537000000,327502.358822,2013-11-04 03:50:00,6669.89187191,2147.66786874
2013-11-04 04:00:00,1383537600000,332403.441399,2013-11-04 04:00:00,6725.28839776,2760.74047088
2013-11-04 04:10:00,1383538200000,332530.756592,2013-11-04 04:10:00,6929.81382423,2839.55245608
2013-11-04 04:20:00,1383538800000,331346.28778,2013-11-04 04:20:00,6946.25281935,2495.99695211
2013-11-04 04:30:00,1383539400000,339064.198361,2013-11-04 04:30:00,8167.78398732,3108.66821269
2013-11-04 04:40:00,1383540000000,340403.378062,2013-11-04 04:40:00,8467.49944219,3168.01743335
2013-11-04 04:50:00,1383540600000,348884.63435,2013-11-04 04:50:00,9130.24546843,4051.0622252
2013-11-04 05:00:00,1383541200000,361060.445027,2013-11-04 05:00:00,10749.7353494,5599.13338032
2013-11-04 05:10:00,1383541800000,365328.947099,2013-11-04 05:10:00,11366.5210669,5315.15881244
2013-11-04 05:20:00,1383542400000,380768.230061,2013-11-04 05:20:00,13005.4009894,6111.97872143
2013-11-04 05:30:00,1383543000000,403190.341668,2013-11-04 05:30:00,15815.8436583,7904.28272776
2013-11-04 05:40:00,1383543600000,422337.841791,2013-11-04 05:40:00,19082.3633603,9736.84073291
2013-11-04 05:50:00,1383544200000,453587.37864,2013-11-04 05:50:00,23730.6372655,12541.2369871
2013-11-04 06:00:00,1383544800000,497502.882057,2013-11-04 06:00:00,30286.3816429,17199.9947803
2013-11-04 06:10:00,1383545400000,525170.845268,2013-11-04 06:10:00,34711.6286219,21241.5368806
2013-11-04 06:20:00,1383546000000,567002.337347,2013-11-04 06:20:00,43438.2124232,26853.0282841
2013-11-04 06:30:00,1383546600000,626691.712814,2013-11-04 06:30:00,52750.8278145,35505.819552
2013-11-04 06:40:00,1383547200000,672472.233231,2013-11-04 06:40:00,62971.7615056,43227.7809331
2013-11-04 06:50:00,1383547800000,704651.358915,2013-11-04 06:50:00,68941.0570008,52260.6117785
2013-11-04 07:00:00,1383548400000,759295.714459,2013-11-04 07:00:00,103537.012111,63934.4798262
2013-11-04 07:10:00,1383549000000,787981.203843,2013-11-04 07:10:00,106975.620148,71532.0903213
2013-11-04 07:20:00,1383549600000,806093.474924,2013-11-04 07:20:00,109597.321926,80774.3279067
2013-11-04 07:30:00,1383550200000,833481.501555,2013-11-04 07:30:00,117088.381997,96216.7943482
2013-11-04 07:40:00,1383550800000,845633.541559,2013-11-04 07:40:00,117709.861096,104159.701496
2013-11-04 07:50:00,1383551400000,853843.601857,2013-11-04 07:50:00,119755.867944,113333.043189
2013-11-04 08:00:00,1383552000000,880558.272328,2013-11-04 08:00:00,139130.834935,125666.688304
2013-11-04 08:10:00,1383552600000,885601.088915,2013-11-04 08:10:00,135186.481453,133606.256791
2013-11-04 08:20:00,1383553200000,874774.312803,2013-11-04 08:20:00,120017.169225,133336.029742
2013-11-04 08:30:00,1383553800000,870706.688076,2013-11-04 08:30:00,116184.347925,133575.202763
2013-11-04 08:40:00,1383554400000,888130.645276,2013-11-04 08:40:00,119359.481178,138019.511639
2013-11-04 08:50:00,1383555000000,923689.94007,2013-11-04 08:50:00,123969.573664,138652.045449
2013-11-04 09:00:00,1383555600000,976408.049064,2013-11-04 09:00:00,148304.883795,156544.655543
2013-11-04 09:10:00,1383556200000,936620.506172,2013-11-04 09:10:00,135438.595418,150814.68692
2013-11-04 09:20:00,1383556800000,919109.661215,2013-11-04 09:20:00,153334.593335,152450.848861
2013-11-04 09:30:00,1383557400000,942967.287809,2013-11-04 09:30:00,155579.53311,153753.688713
2013-11-04 09:40:00,1383558000000,956993.718951,2013-11-04 09:40:00,146412.957107,153380.581572
2013-11-04 09:50:00,1383558600000,945142.532092,2013-11-04 09:50:00,142453.620478,154880.300862
2013-11-04 10:00:00,1383559200000,960215.698547,2013-11-04 10:00:00,140097.049381,156673.764799
2013-11-04 10:10:00,1383559800000,959480.944642,2013-11-04 10:10:00,145472.098738,158004.691325
2013-11-04 10:20:00,1383560400000,951544.846575,2013-11-04 10:20:00,132300.122185,156908.121421
2013-11-04 10:30:00,1383561000000,980171.973447,2013-11-04 10:30:00,131169.192714,155998.501508
2013-11-04 10:40:00,1383561600000,937884.120238,2013-11-04 10:40:00,135340.946884,155812.698541
2013-11-04 10:50:00,1383562200000,940506.245194,2013-11-04 10:50:00,134479.86815,155895.166816
2013-11-04 11:00:00,1383562800000,958954.19568,2013-11-04 11:00:00,141180.261064,152511.188673
2013-11-04 11:10:00,1383563400000,977177.381328,2013-11-04 11:10:00,137525.443529,141039.744001
2013-11-04 11:20:00,1383564000000,979987.351889,2013-11-04 11:20:00,148138.283808,146981.70846
2013-11-04 11:30:00,1383564600000,999913.617252,2013-11-04 11:30:00,145165.786162,147298.917328
2013-11-04 11:40:00,1383565200000,997676.568802,2013-11-04 11:40:00,133140.649745,138865.377196
2013-11-04 11:50:00,1383565800000,1005368.57433,2013-11-04 11:50:00,127848.306885,133633.868838
2013-11-04 12:00:00,1383566400000,1036195.07779,2013-11-04 12:00:00,132056.583214,137956.178532
2013-11-04 12:10:00,1383567000000,1039171.95892,2013-11-04 12:10:00,130398.346046,131037.774514
2013-11-04 12:20:00,1383567600000,1035785.38851,2013-11-04 12:20:00,138680.03252,125093.46196
2013-11-04 12:30:00,1383568200000,1048710.2695,2013-11-04 12:30:00,131527.756802,125814.339836
2013-11-04 12:40:00,1383568800000,1049096.98921,2013-11-04 12:40:00,138224.682275,124826.965951
2013-11-04 12:50:00,1383569400000,1040691.15121,2013-11-04 12:50:00,133011.076318,127640.036225
2013-11-04 13:00:00,1383570000000,1049351.98887,2013-11-04 13:00:00,150884.860049,139435.387539
2013-11-04 13:10:00,1383570600000,1028029.4476,2013-11-04 13:10:00,146058.264335,139451.086311
2013-11-04 13:20:00,1383571200000,1012303.24499,2013-11-04 13:20:00,126922.835338,137737.088289
2013-11-04 13:30:00,1383571800000,1008750.5046,2013-11-04 13:30:00,131969.61163,140226.950541
2013-11-04 13:40:00,1383572400000,995691.037872,2013-11-04 13:40:00,125648.876909,137784.969521
2013-11-04 13:50:00,1383573000000,991456.403084,2013-11-04 13:50:00,137092.191867,138664.623566
2013-11-04 14:00:00,1383573600000,987097.025071,2013-11-04 14:00:00,136890.972946,142515.423665
2013-11-04 14:10:00,1383574200000,990896.652626,2013-11-04 14:10:00,128884.918456,144369.394474
2013-11-04 14:20:00,1383574800000,983754.515929,2013-11-04 14:20:00,137084.750151,141830.005014
2013-11-04 14:30:00,1383575400000,989790.290954,2013-11-04 14:30:00,129511.404956,145545.926722
2013-11-04 14:40:00,1383576000000,982999.511229,2013-11-04 14:40:00,126202.298627,147339.431415
2013-11-04 14:50:00,1383576600000,978717.886486,2013-11-04 14:50:00,127961.822709,149035.049318
2013-11-04 15:00:00,1383577200000,997748.918047,2013-11-04 15:00:00,139402.369909,157382.938464
2013-11-04 15:10:00,1383577800000,986908.9163,2013-11-04 15:10:00,134656.397797,156915.477613
2013-11-04 15:20:00,1383578400000,989588.402772,2013-11-04 15:20:00,135689.060308,155282.059489
2013-11-04 15:30:00,1383579000000,993970.267582,2013-11-04 15:30:00,139199.378887,159327.158506
2013-11-04 15:40:00,1383579600000,990335.127711,2013-11-04 15:40:00,136111.778448,162527.413529
2013-11-04 15:50:00,1383580200000,980925.154633,2013-11-04 15:50:00,146648.838818,163621.29943
2013-11-04 16:00:00,1383580800000,993436.157993,2013-11-04 16:00:00,150003.154666,168763.628885
2013-11-04 16:10:00,1383581400000,1000411.84707,2013-11-04 16:10:00,147091.607888,166563.58893
2013-11-04 16:20:00,1383582000000,985363.077728,2013-11-04 16:20:00,152037.200932,162821.224456
2013-11-04 16:30:00,1383582600000,992972.928994,2013-11-04 16:30:00,139376.084291,166268.523667
2013-11-04 16:40:00,1383583200000,992349.557296,2013-11-04 16:40:00,122607.173239,166322.681156
2013-11-04 16:50:00,1383583800000,999829.598333,2013-11-04 16:50:00,114970.092559,162178.052623
2013-11-04 17:00:00,1383584400000,1009207.37694,2013-11-04 17:00:00,122753.060994,164006.255754
2013-11-04 17:10:00,1383585000000,994590.921288,2013-11-04 17:10:00,114069.820781,161380.143196
2013-11-04 17:20:00,1383585600000,990677.297824,2013-11-04 17:20:00,112885.098467,156334.884021
2013-11-04 17:30:00,1383586200000,992085.995921,2013-11-04 17:30:00,116276.023437,152626.478781
2013-11-04 17:40:00,1383586800000,972575.701069,2013-11-04 17:40:00,114904.254943,148739.830558
2013-11-04 17:50:00,1383587400000,959769.114072,2013-11-04 17:50:00,110203.855337,144399.343026
2013-11-04 18:00:00,1383588000000,958088.851671,2013-11-04 18:00:00,118067.948362,137807.404127
2013-11-04 18:10:00,1383588600000,937235.66344,2013-11-04 18:10:00,134073.646827,132314.777356
2013-11-04 18:20:00,1383589200000,911716.283013,2013-11-04 18:20:00,120945.320186,121811.487528
2013-11-04 18:30:00,1383589800000,902962.373481,2013-11-04 18:30:00,114984.236729,115953.629527
2013-11-04 18:40:00,1383590400000,883934.861562,2013-11-04 18:40:00,109930.749543,105967.670824
2013-11-04 18:50:00,1383591000000,879412.268593,2013-11-04 18:50:00,104068.094588,100547.728247
2013-11-04 19:00:00,1383591600000,871351.626547,2013-11-04 19:00:00,101587.89209,94552.5051609
2013-11-04 19:10:00,1383592200000,855803.493206,2013-11-04 19:10:00,96389.8477714,87824.8802476
2013-11-04 19:20:00,1383592800000,856121.950096,2013-11-04 19:20:00,95713.5510927,82288.0568078
2013-11-04 19:30:00,1383593400000,845696.367429,2013-11-04 19:30:00,95135.4037785,84232.983875
2013-11-04 19:40:00,1383594000000,843442.767102,2013-11-04 19:40:00,95850.5901798,79035.4336536
2013-11-04 19:50:00,1383594600000,849552.584601,2013-11-04 19:50:00,97037.8190196,70233.1777924
2013-11-04 20:00:00,1383595200000,836374.671119,2013-11-04 20:00:00,107970.949241,68282.2300176
2013-11-04 20:10:00,1383595800000,822558.87238,2013-11-04 20:10:00,95557.8644921,66140.6537162
2013-11-04 20:20:00,1383596400000,813403.760813,2013-11-04 20:20:00,92288.6505449,56089.5095308
2013-11-04 20:30:00,1383597000000,818649.14654,2013-11-04 20:30:00,88353.8336068,49273.6964964
2013-11-04 20:40:00,1383597600000,795544.137955,2013-11-04 20:40:00,84418.5121692,45632.6645336
2013-11-04 20:50:00,1383598200000,799067.769644,2013-11-04 20:50:00,83807.6338369,39646.7338147
2013-11-04 21:00:00,1383598800000,796147.520741,2013-11-04 21:00:00,77739.3539239,34791.8481437
2013-11-04 21:10:00,1383599400000,777782.247951,2013-11-04 21:10:00,75207.3837368,34580.0215995
2013-11-04 21:20:00,1383600000000,764401.997016,2013-11-04 21:20:00,71020.4731922,28458.5087735
2013-11-04 21:30:00,1383600600000,782694.269345,2013-11-04 21:30:00,68384.676889,29240.7471692
2013-11-04 21:40:00,1383601200000,754141.081587,2013-11-04 21:40:00,67304.3179766,24202.7539727
2013-11-04 21:50:00,1383601800000,735668.846867,2013-11-04 21:50:00,62751.4652007,22534.2048484
2013-11-04 22:00:00,1383602400000,722347.957821,2013-11-04 22:00:00,59021.1005451,20519.8217877
2013-11-04 22:10:00,1383603000000,721167.741582,2013-11-04 22:10:00,55466.2190296,19463.1167191
2013-11-04 22:20:00,1383603600000,702385.299471,2013-11-04 22:20:00,50911.7767981,18980.2993584
2013-11-04 22:30:00,1383604200000,685984.016469,2013-11-04 22:30:00,47409.7030412,16190.0230512
2013-11-04 22:40:00,1383604800000,672997.226651,2013-11-04 22:40:00,42990.2022285,14391.4559048
2013-11-04 22:50:00,1383605400000,651865.465725,2013-11-04 22:50:00,38547.3198406,11982.3342209
2013-11-04 23:00:00,1383606000000,619780.810104,2013-11-04 23:00:00,34532.3845551,10875.201762
2013-11-04 23:10:00,1383606600000,600736.578675,2013-11-04 23:10:00,29841.4403875,8940.75366807
2013-11-04 23:20:00,1383607200000,578057.096439,2013-11-04 23:20:00,26647.0832346,7841.58270731
2013-11-04 23:30:00,1383607800000,555855.45182,2013-11-04 23:30:00,22196.7592996,6272.24228916
2013-11-04 23:40:00,1383608400000,523884.048319,2013-11-04 23:40:00,18974.5926605,5624.30501666
2013-11-04 23:50:00,1383609000000,513611.927765,2013-11-04 23:50:00,16269.2991361,4520.81561575
2013-11-05 00:00:00,1383609600000,500423.32768,2013-11-05 00:00:00,14789.8238403,4866.53341986
2013-11-05 00:10:00,1383610200000,482318.360471,2013-11-05 00:10:00,12646.2407454,4026.90766237
2013-11-05 00:20:00,1383610800000,469099.859906,2013-11-05 00:20:00,11760.1002887,3313.65751496
2013-11-05 00:30:00,1383611400000,463419.013879,2013-11-05 00:30:00,10849.2841407,3153.02617074
2013-11-05 00:40:00,1383612000000,448531.514753,2013-11-05 00:40:00,10246.8788088,2570.97631372
2013-11-05 00:50:00,1383612600000,440485.629387,2013-11-05 00:50:00,9913.99133802,2599.0912031
2013-11-05 01:00:00,1383613200000,432862.974277,2013-11-05 01:00:00,8970.87193478,2613.5779498
2013-11-05 01:10:00,1383613800000,414177.266509,2013-11-05 01:10:00,8805.82148355,2204.84713973
2013-11-05 01:20:00,1383614400000,405656.014777,2013-11-05 01:20:00,8128.67367023,2040.55700618
2013-11-05 01:30:00,1383615000000,402510.953963,2013-11-05 01:30:00,7598.97365828,1971.71190426
2013-11-05 01:40:00,1383615600000,385655.914978,2013-11-05 01:40:00,7041.11982813,1866.38972723
2013-11-05 01:50:00,1383616200000,384876.667042,2013-11-05 01:50:00,6932.08055975,1858.06494054
2013-11-05 02:00:00,1383616800000,380892.600724,2013-11-05 02:00:00,6682.1826708,1859.07857385
2013-11-05 02:10:00,1383617400000,368275.187232,2013-11-05 02:10:00,6725.97578419,1707.92475466
2013-11-05 02:20:00,1383618000000,363228.284155,2013-11-05 02:20:00,6739.77907566,1757.60931516
2013-11-05 02:30:00,1383618600000,366349.879942,2013-11-05 02:30:00,6128.92684039,1809.83868988
2013-11-05 02:40:00,1383619200000,357056.602951,2013-11-05 02:40:00,5917.08934769,1676.93699714
2013-11-05 02:50:00,1383619800000,354476.267219,2013-11-05 02:50:00,6134.10494244,1737.71624891
2013-11-05 03:00:00,1383620400000,352283.454052,2013-11-05 03:00:00,5930.36584304,1702.20348781
2013-11-05 03:10:00,1383621000000,346159.885091,2013-11-05 03:10:00,6080.92086895,2248.94706532
2013-11-05 03:20:00,1383621600000,346753.42099,2013-11-05 03:20:00,6267.73932731,2266.09385887
2013-11-05 03:30:00,1383622200000,347911.711054,2013-11-05 03:30:00,6718.31310634,2191.08255027
2013-11-05 03:40:00,1383622800000,344669.211842,2013-11-05 03:40:00,6500.38404469,1824.01002364
2013-11-05 03:50:00,1383623400000,346811.073601,2013-11-05 03:50:00,6969.29509327,2227.07511917
2013-11-05 04:00:00,1383624000000,346669.605416,2013-11-05 04:00:00,6776.01756935,2759.91932445
2013-11-05 04:10:00,1383624600000,347911.10457,2013-11-05 04:10:00,6789.18771127,2482.90113531
2013-11-05 04:20:00,1383625200000,348464.995937,2013-11-05 04:20:00,7831.81699128,2630.20928526
2013-11-05 04:30:00,1383625800000,350998.039715,2013-11-05 04:30:00,8177.96934621,2780.29529724
2013-11-05 04:40:00,1383626400000,356314.244985,2013-11-05 04:40:00,8416.60036244,3048.06396797
2013-11-05 04:50:00,1383627000000,361956.05806,2013-11-05 04:50:00,8932.88659828,3576.54217081
2013-11-05 05:00:00,1383627600000,373115.674272,2013-11-05 05:00:00,10669.9681148,4748.37932744
2013-11-05 05:10:00,1383628200000,385803.872197,2013-11-05 05:10:00,11881.291197,5256.81912172
2013-11-05 05:20:00,1383628800000,403440.459873,2013-11-05 05:20:00,14013.7045162,6323.99107526
2013-11-05 05:30:00,1383629400000,423725.416972,2013-11-05 05:30:00,16843.216483,8195.66013657
2013-11-05 05:40:00,1383630000000,446719.227413,2013-11-05 05:40:00,19436.5141825,10483.3922122
2013-11-05 05:50:00,1383630600000,485867.913769,2013-11-05 05:50:00,25246.3321109,13497.7544122
2013-11-05 06:00:00,1383631200000,526300.392534,2013-11-05 06:00:00,33159.2007565,18625.9153552
2013-11-05 06:10:00,1383631800000,571485.227711,2013-11-05 06:10:00,39072.0384704,22022.2858763
2013-11-05 06:20:00,1383632400000,622123.630454,2013-11-05 06:20:00,45728.9745642,29051.9444735
2013-11-05 06:30:00,1383633000000,683960.733261,2013-11-05 06:30:00,56079.0445487,37620.4554222
2013-11-05 06:40:00,1383633600000,714150.949362,2013-11-05 06:40:00,64881.9956964,46337.2020909
2013-11-05 06:50:00,1383634200000,763590.43305,2013-11-05 06:50:00,72954.0686527,56879.1077669
2013-11-05 07:00:00,1383634800000,805041.821939,2013-11-05 07:00:00,108812.357839,67728.0015802
2013-11-05 07:10:00,1383635400000,831513.224713,2013-11-05 07:10:00,117054.076364,76548.6475913
2013-11-05 07:20:00,1383636000000,866932.995484,2013-11-05 07:20:00,118171.573906,86874.7030803
2013-11-05 07:30:00,1383636600000,885227.376692,2013-11-05 07:30:00,125099.258362,102383.522556
2013-11-05 07:40:00,1383637200000,902784.242105,2013-11-05 07:40:00,129550.998719,113697.92064
2013-11-05 07:50:00,1383637800000,922872.452148,2013-11-05 07:50:00,134278.618992,124387.758707
2013-11-05 08:00:00,1383638400000,922650.671104,2013-11-05 08:00:00,138669.336871,135888.552883
2013-11-05 08:10:00,1383639000000,928491.359461,2013-11-05 08:10:00,139876.196675,142392.66143
2013-11-05 08:20:00,1383639600000,925419.23606,2013-11-05 08:20:00,138074.902355,147126.497733
2013-11-05 08:30:00,1383640200000,934286.847383,2013-11-05 08:30:00,142814.866764,151601.898789
2013-11-05 08:40:00,1383640800000,935690.558161,2013-11-05 08:40:00,141777.17576,152461.321482
2013-11-05 08:50:00,1383641400000,941431.408032,2013-11-05 08:50:00,130542.809429,157363.932785
2013-11-05 09:00:00,1383642000000,952279.362952,2013-11-05 09:00:00,137805.129819,158715.83499
2013-11-05 09:10:00,1383642600000,957463.702534,2013-11-05 09:10:00,135691.629965,158275.917235
2013-11-05 09:20:00,1383643200000,967803.116575,2013-11-05 09:20:00,135896.201267,159319.719109
2013-11-05 09:30:00,1383643800000,975914.040627,2013-11-05 09:30:00,149135.999235,160095.499193
2013-11-05 09:40:00,1383644400000,978015.858342,2013-11-05 09:40:00,151806.776957,160439.112327
2013-11-05 09:50:00,1383645000000,970288.271587,2013-11-05 09:50:00,145901.682114,161513.362025
2013-11-05 10:00:00,1383645600000,982147.339796,2013-11-05 10:00:00,145413.285401,163984.948305
2013-11-05 10:10:00,1383646200000,978858.396745,2013-11-05 10:10:00,154230.764494,162355.498905
2013-11-05 10:20:00,1383646800000,981429.047161,2013-11-05 10:20:00,144359.725978,159480.436198
2013-11-05 10:30:00,1383647400000,987574.142177,2013-11-05 10:30:00,137730.049897,160810.164406
2013-11-05 10:40:00,1383648000000,982831.958868,2013-11-05 10:40:00,144370.880286,160972.95951
2013-11-05 10:50:00,1383648600000,978405.835975,2013-11-05 10:50:00,137007.02608,161645.961911
2013-11-05 11:00:00,1383649200000,995017.814785,2013-11-05 11:00:00,143364.63319,165428.933475
2013-11-05 11:10:00,1383649800000,1006707.98998,2013-11-05 11:10:00,142130.138227,159177.029831
2013-11-05 11:20:00,1383650400000,998957.941087,2013-11-05 11:20:00,142184.23532,154664.972611
2013-11-05 11:30:00,1383651000000,1014763.34703,2013-11-05 11:30:00,141802.130969,156411.388704
2013-11-05 11:40:00,1383651600000,1021938.81588,2013-11-05 11:40:00,138266.959272,148318.292377
2013-11-05 11:50:00,1383652200000,1018676.80607,2013-11-05 11:50:00,138477.887149,141318.030713
2013-11-05 12:00:00,1383652800000,1035441.853,2013-11-05 12:00:00,139505.940503,148068.250516
2013-11-05 12:10:00,1383653400000,1037414.04656,2013-11-05 12:10:00,133515.844515,138643.701428
2013-11-05 12:20:00,1383654000000,1053555.83973,2013-11-05 12:20:00,126809.211092,133680.947957
2013-11-05 12:30:00,1383654600000,1057133.2704,2013-11-05 12:30:00,127016.525028,132436.387366
2013-11-05 12:40:00,1383655200000,1059541.35319,2013-11-05 12:40:00,129930.127744,131376.087119
2013-11-05 12:50:00,1383655800000,1054181.73183,2013-11-05 12:50:00,131894.944766,136662.62736
2013-11-05 13:00:00,1383656400000,1053004.08195,2013-11-05 13:00:00,137189.5886,146514.013948
2013-11-05 13:10:00,1383657000000,1046484.09078,2013-11-05 13:10:00,138222.030612,145920.638482
2013-11-05 13:20:00,1383657600000,1044500.88471,2013-11-05 13:20:00,145027.706524,144502.910272
2013-11-05 13:30:00,1383658200000,1036863.72648,2013-11-05 13:30:00,133346.056129,148260.217571
2013-11-05 13:40:00,1383658800000,1009426.19955,2013-11-05 13:40:00,142868.246979,146209.4066
2013-11-05 13:50:00,1383659400000,1007047.78938,2013-11-05 13:50:00,129907.280953,145542.978926
2013-11-05 14:00:00,1383660000000,1009234.31904,2013-11-05 14:00:00,126940.506233,147516.941799
2013-11-05 14:10:00,1383660600000,997567.359297,2013-11-05 14:10:00,144505.223641,147945.695135
2013-11-05 14:20:00,1383661200000,996001.599083,2013-11-05 14:20:00,144867.242362,148869.220558
2013-11-05 14:30:00,1383661800000,998396.281976,2013-11-05 14:30:00,137399.971914,150318.26392
2013-11-05 14:40:00,1383662400000,1004865.548,2013-11-05 14:40:00,130132.203487,151900.008426
2013-11-05 14:50:00,1383663000000,991508.020858,2013-11-05 14:50:00,129816.753132,155528.324274
2013-11-05 15:00:00,1383663600000,997353.85324,2013-11-05 15:00:00,132762.141251,161217.590194
2013-11-05 15:10:00,1383664200000,1004785.66578,2013-11-05 15:10:00,134460.204194,160396.555949
2013-11-05 15:20:00,1383664800000,1001844.17936,2013-11-05 15:20:00,129265.041906,157648.5192
2013-11-05 15:30:00,1383665400000,993815.138434,2013-11-05 15:30:00,129259.894926,162210.771251
2013-11-05 15:40:00,1383666000000,998855.17629,2013-11-05 15:40:00,127631.965581,164010.711185
2013-11-05 15:50:00,1383666600000,991767.503928,2013-11-05 15:50:00,136405.730962,166004.714929
2013-11-05 16:00:00,1383667200000,992145.52605,2013-11-05 16:00:00,158809.428274,173598.781308
2013-11-05 16:10:00,1383667800000,1006038.76943,2013-11-05 16:10:00,149037.619616,174572.063929
2013-11-05 16:20:00,1383668400000,1005030.3475,2013-11-05 16:20:00,133533.837759,170810.210879
2013-11-05 16:30:00,1383669000000,1004146.31311,2013-11-05 16:30:00,129361.659469,173977.291348
2013-11-05 16:40:00,1383669600000,1010331.45435,2013-11-05 16:40:00,124555.241852,170385.437167
2013-11-05 16:50:00,1383670200000,1013811.33238,2013-11-05 16:50:00,123732.683281,172708.58402
2013-11-05 17:00:00,1383670800000,1014985.35752,2013-11-05 17:00:00,125101.867016,173419.161024
2013-11-05 17:10:00,1383671400000,1000260.89423,2013-11-05 17:10:00,118292.380277,169187.875823
2013-11-05 17:20:00,1383672000000,1007005.38259,2013-11-05 17:20:00,118655.036858,165431.206281
2013-11-05 17:30:00,1383672600000,995318.275441,2013-11-05 17:30:00,118855.878425,161359.763904
2013-11-05 17:40:00,1383673200000,992031.576153,2013-11-05 17:40:00,114570.048514,158743.637804
2013-11-05 17:50:00,1383673800000,976656.731407,2013-11-05 17:50:00,113177.547118,152327.251023
2013-11-05 18:00:00,1383674400000,962096.532399,2013-11-05 18:00:00,119760.018363,146874.720945
2013-11-05 18:10:00,1383675000000,938951.047738,2013-11-05 18:10:00,118423.858657,140788.579162
2013-11-05 18:20:00,1383675600000,931775.657991,2013-11-05 18:20:00,121636.162658,130196.590317
2013-11-05 18:30:00,1383676200000,915423.695906,2013-11-05 18:30:00,120936.718046,124105.95427
2013-11-05 18:40:00,1383676800000,890872.0579,2013-11-05 18:40:00,122150.231996,113644.915106
2013-11-05 18:50:00,1383677400000,878226.048397,2013-11-05 18:50:00,116850.784892,107156.007827
2013-11-05 19:00:00,1383678000000,865371.942017,2013-11-05 19:00:00,105164.718108,100463.748608
2013-11-05 19:10:00,1383678600000,860471.718533,2013-11-05 19:10:00,97649.576285,92009.334794
2013-11-05 19:20:00,1383679200000,860044.012175,2013-11-05 19:20:00,97725.4428749,87961.7318595
2013-11-05 19:30:00,1383679800000,856694.996984,2013-11-05 19:30:00,98778.9501356,87564.360668
2013-11-05 19:40:00,1383680400000,858785.095722,2013-11-05 19:40:00,98901.1212213,80191.0882425
2013-11-05 19:50:00,1383681000000,848727.055526,2013-11-05 19:50:00,94804.2156948,69015.5796418
2013-11-05 20:00:00,1383681600000,853906.521987,2013-11-05 20:00:00,92602.7630935,65102.8923345
2013-11-05 20:10:00,1383682200000,840115.097917,2013-11-05 20:10:00,94552.0230442,61480.0722105
2013-11-05 20:20:00,1383682800000,839637.512709,2013-11-05 20:20:00,95336.1865853,56420.7693414
2013-11-05 20:30:00,1383683400000,837070.30583,2013-11-05 20:30:00,92436.3620551,55327.6462241
2013-11-05 20:40:00,1383684000000,829140.282666,2013-11-05 20:40:00,86930.9737187,44633.0795376
2013-11-05 20:50:00,1383684600000,815404.683674,2013-11-05 20:50:00,87485.3947151,40419.3554942
2013-11-05 21:00:00,1383685200000,819305.273396,2013-11-05 21:00:00,87863.7646174,37832.7347862
2013-11-05 21:10:00,1383685800000,818835.906924,2013-11-05 21:10:00,78314.8059039,31940.0715281
2013-11-05 21:20:00,1383686400000,814977.102077,2013-11-05 21:20:00,73763.3581143,29448.3783008
2013-11-05 21:30:00,1383687000000,799589.330725,2013-11-05 21:30:00,71676.7845596,29087.8935874
2013-11-05 21:40:00,1383687600000,787725.504249,2013-11-05 21:40:00,76328.8375766,29151.5861747
2013-11-05 21:50:00,1383688200000,753818.847056,2013-11-05 21:50:00,75434.132273,25097.1649638
2013-11-05 22:00:00,1383688800000,743407.298888,2013-11-05 22:00:00,61873.7025575,23013.3029089
2013-11-05 22:10:00,1383689400000,736338.900173,2013-11-05 22:10:00,55687.3861462,20775.6104523
2013-11-05 22:20:00,1383690000000,715466.624186,2013-11-05 22:20:00,52944.5010345,19613.6385332
2013-11-05 22:30:00,1383690600000,681677.098608,2013-11-05 22:30:00,47878.5135049,16432.0841518
2013-11-05 22:40:00,1383691200000,667032.028197,2013-11-05 22:40:00,42691.3751567,14538.977061
2013-11-05 22:50:00,1383691800000,644067.615657,2013-11-05 22:50:00,37243.1978144,12652.8415638
2013-11-05 23:00:00,1383692400000,625049.084209,2013-11-05 23:00:00,34820.1292699,11565.7502535
2013-11-05 23:10:00,1383693000000,603649.192647,2013-11-05 23:10:00,29678.0256609,9948.84357934
2013-11-05 23:20:00,1383693600000,585662.424996,2013-11-05 23:20:00,26618.4482435,7937.57117311
2013-11-05 23:30:00,1383694200000,570040.197528,2013-11-05 23:30:00,23856.5222453,7103.31250483
2013-11-05 23:40:00,1383694800000,553823.193534,2013-11-05 23:40:00,21569.6582571,6505.36495969
2013-11-05 23:50:00,1383695400000,525882.855066,2013-11-05 23:50:00,18464.8153251,5219.85577763
2013-11-06 00:00:00,1383696000000,511820.6937,2013-11-06 00:00:00,16260.422559,5394.47129767
2013-11-06 00:10:00,1383696600000,500931.880674,2013-11-06 00:10:00,14291.8109176,4123.20371095
2013-11-06 00:20:00,1383697200000,481248.93787,2013-11-06 00:20:00,12996.1291545,3690.96814492
2013-11-06 00:30:00,1383697800000,470820.594543,2013-11-06 00:30:00,11784.1038536,3619.45948134
2013-11-06 00:40:00,1383698400000,462565.550277,2013-11-06 00:40:00,10513.3736898,3011.58545488
2013-11-06 00:50:00,1383699000000,445495.974449,2013-11-06 00:50:00,10469.9673124,3032.78854352
2013-11-06 01:00:00,1383699600000,438933.755509,2013-11-06 01:00:00,9591.66632052,2196.19705695
2013-11-06 01:10:00,1383700200000,423938.790737,2013-11-06 01:10:00,9207.56957664,2609.99532813
2013-11-06 01:20:00,1383700800000,414178.781992,2013-11-06 01:20:00,9007.80386865,2433.60362933
2013-11-06 01:30:00,1383701400000,410774.976336,2013-11-06 01:30:00,8394.30630642,2116.37403549
2013-11-06 01:40:00,1383702000000,398314.792015,2013-11-06 01:40:00,7779.30851641,2139.98136583
2013-11-06 01:50:00,1383702600000,391806.330381,2013-11-06 01:50:00,7159.36236496,2073.72934579
2013-11-06 02:00:00,1383703200000,385633.321261,2013-11-06 02:00:00,7997.40533706,2311.11398608
2013-11-06 02:10:00,1383703800000,381738.068938,2013-11-06 02:10:00,7405.63534976,2433.95810896
2013-11-06 02:20:00,1383704400000,378515.975065,2013-11-06 02:20:00,6820.55649383,1704.9756536
2013-11-06 02:30:00,1383705000000,370931.033082,2013-11-06 02:30:00,6663.79334157,1805.87523546
2013-11-06 02:40:00,1383705600000,380668.286899,2013-11-06 02:40:00,6261.30458039,1609.35988004
2013-11-06 02:50:00,1383706200000,361041.978627,2013-11-06 02:50:00,6996.24190692,1796.2524599
2013-11-06 03:00:00,1383706800000,358482.111864,2013-11-06 03:00:00,6924.8157946,2077.71273239
2013-11-06 03:10:00,1383707400000,354894.602628,2013-11-06 03:10:00,7103.41945922,1906.26882562
2013-11-06 03:20:00,1383708000000,353283.808868,2013-11-06 03:20:00,6289.30769147,1983.01942973
2013-11-06 03:30:00,1383708600000,354653.4167,2013-11-06 03:30:00,7005.33608523,2065.78357288
2013-11-06 03:40:00,1383709200000,351621.922294,2013-11-06 03:40:00,6761.47949326,1986.29421529
2013-11-06 03:50:00,1383709800000,347755.063761,2013-11-06 03:50:00,7143.74988121,2285.59950619
2013-11-06 04:00:00,1383710400000,349969.035381,2013-11-06 04:00:00,7111.52043567,2555.02742678
2013-11-06 04:10:00,1383711000000,352541.958354,2013-11-06 04:10:00,7059.95624908,2581.59894942
2013-11-06 04:20:00,1383711600000,350257.595544,2013-11-06 04:20:00,7931.70584871,2937.05703219
2013-11-06 04:30:00,1383712200000,357735.123391,2013-11-06 04:30:00,8365.07140103,3103.59688276
2013-11-06 04:40:00,1383712800000,361760.130687,2013-11-06 04:40:00,9285.81764312,3025.33916023
2013-11-06 04:50:00,1383713400000,368864.611557,2013-11-06 04:50:00,9201.46813408,3947.35607647
2013-11-06 05:00:00,1383714000000,388572.435028,2013-11-06 05:00:00,10565.8598524,5404.86179067
2013-11-06 05:10:00,1383714600000,391233.041833,2013-11-06 05:10:00,12246.9786956,5145.4895519
2013-11-06 05:20:00,1383715200000,402663.382827,2013-11-06 05:20:00,14455.2889072,6181.28868372
2013-11-06 05:30:00,1383715800000,436857.055203,2013-11-06 05:30:00,16848.0624521,7749.71450477
2013-11-06 05:40:00,1383716400000,455977.678018,2013-11-06 05:40:00,20595.7242603,9980.750389
2013-11-06 05:50:00,1383717000000,491808.505846,2013-11-06 05:50:00,25807.729067,13539.6343002
2013-11-06 06:00:00,1383717600000,538478.704442,2013-11-06 06:00:00,33465.8154052,17985.6358878
2013-11-06 06:10:00,1383718200000,577056.173813,2013-11-06 06:10:00,38738.6907012,21897.8548106
2013-11-06 06:20:00,1383718800000,618452.172781,2013-11-06 06:20:00,47401.2358322,28938.1829767
2013-11-06 06:30:00,1383719400000,675423.346925,2013-11-06 06:30:00,58877.484717,37524.0702808
2013-11-06 06:40:00,1383720000000,721105.731794,2013-11-06 06:40:00,66134.6515105,47030.0912481
2013-11-06 06:50:00,1383720600000,761576.214481,2013-11-06 06:50:00,73978.3164459,55963.2900272
2013-11-06 07:00:00,1383721200000,806503.780646,2013-11-06 07:00:00,103762.657245,66690.2615131
2013-11-06 07:10:00,1383721800000,838886.971062,2013-11-06 07:10:00,110642.083723,75636.2200882
2013-11-06 07:20:00,1383722400000,855236.11767,2013-11-06 07:20:00,111387.028447,87290.2008191
2013-11-06 07:30:00,1383723000000,880571.120031,2013-11-06 07:30:00,123257.218793,102824.038057
2013-11-06 07:40:00,1383723600000,901569.137348,2013-11-06 07:40:00,127686.427589,112554.659124
2013-11-06 07:50:00,1383724200000,899218.148317,2013-11-06 07:50:00,131254.0619,124182.928572
2013-11-06 08:00:00,1383724800000,920267.801703,2013-11-06 08:00:00,139106.779603,133158.954144
2013-11-06 08:10:00,1383725400000,932264.349609,2013-11-06 08:10:00,141879.170343,139894.759641
2013-11-06 08:20:00,1383726000000,920789.244809,2013-11-06 08:20:00,139931.926881,144400.561179
2013-11-06 08:30:00,1383726600000,924490.782857,2013-11-06 08:30:00,148011.694145,147381.615634
2013-11-06 08:40:00,1383727200000,923241.581636,2013-11-06 08:40:00,137163.1844,149617.424829
2013-11-06 08:50:00,1383727800000,933631.871417,2013-11-06 08:50:00,131529.715177,150915.508503
2013-11-06 09:00:00,1383728400000,939030.341179,2013-11-06 09:00:00,140416.217735,155418.300921
2013-11-06 09:10:00,1383729000000,950837.975655,2013-11-06 09:10:00,137381.675269,155209.780668
2013-11-06 09:20:00,1383729600000,950402.858646,2013-11-06 09:20:00,134711.086213,157362.737858
2013-11-06 09:30:00,1383730200000,957306.181231,2013-11-06 09:30:00,155097.689261,156496.780498
2013-11-06 09:40:00,1383730800000,965455.881023,2013-11-06 09:40:00,148447.849535,156435.450071
2013-11-06 09:50:00,1383731400000,966347.629425,2013-11-06 09:50:00,143152.075494,159203.047649
2013-11-06 10:00:00,1383732000000,980336.706848,2013-11-06 10:00:00,135255.410969,160649.113479
2013-11-06 10:10:00,1383732600000,971778.500036,2013-11-06 10:10:00,132039.748025,157198.449206
2013-11-06 10:20:00,1383733200000,962552.192733,2013-11-06 10:20:00,129712.37704,157582.289453
2013-11-06 10:30:00,1383733800000,975992.984257,2013-11-06 10:30:00,134092.357352,156397.056525
2013-11-06 10:40:00,1383734400000,970698.250557,2013-11-06 10:40:00,133178.678188,157379.812925
2013-11-06 10:50:00,1383735000000,967865.273965,2013-11-06 10:50:00,134607.679667,159676.709124
2013-11-06 11:00:00,1383735600000,984974.277855,2013-11-06 11:00:00,141347.473212,163596.33652
2013-11-06 11:10:00,1383736200000,985044.782371,2013-11-06 11:10:00,136880.252919,155862.469525
2013-11-06 11:20:00,1383736800000,981630.156045,2013-11-06 11:20:00,149976.084391,152435.664576
2013-11-06 11:30:00,1383737400000,1002668.46189,2013-11-06 11:30:00,160652.950358,153725.645741
2013-11-06 11:40:00,1383738000000,1007037.20612,2013-11-06 11:40:00,144294.796033,144564.65078
2013-11-06 11:50:00,1383738600000,1007034.57805,2013-11-06 11:50:00,136461.95886,142653.152913
2013-11-06 12:00:00,1383739200000,1034336.92458,2013-11-06 12:00:00,148359.950924,146334.543019
2013-11-06 12:10:00,1383739800000,1022401.79171,2013-11-06 12:10:00,151492.49152,138270.025368
2013-11-06 12:20:00,1383740400000,1029808.03796,2013-11-06 12:20:00,132505.081633,132714.086632
2013-11-06 12:30:00,1383741000000,1042553.80883,2013-11-06 12:30:00,130923.63172,130655.435828
2013-11-06 12:40:00,1383741600000,1047875.18854,2013-11-06 12:40:00,129476.421358,129617.82496
2013-11-06 12:50:00,1383742200000,1051632.92267,2013-11-06 12:50:00,126599.626121,133009.811938
2013-11-06 13:00:00,1383742800000,1057249.53698,2013-11-06 13:00:00,151541.333485,143256.903515
2013-11-06 13:10:00,1383743400000,1036882.49657,2013-11-06 13:10:00,139097.482062,142662.433386
2013-11-06 13:20:00,1383744000000,1028641.28863,2013-11-06 13:20:00,132867.444281,141442.871475
2013-11-06 13:30:00,1383744600000,1021487.6883,2013-11-06 13:30:00,139347.253415,144501.060104
2013-11-06 13:40:00,1383745200000,1008879.90589,2013-11-06 13:40:00,129637.451724,142393.420872
2013-11-06 13:50:00,1383745800000,993214.191901,2013-11-06 13:50:00,128459.907904,142900.724775
2013-11-06 14:00:00,1383746400000,996216.751671,2013-11-06 14:00:00,139138.673522,144577.340444
2013-11-06 14:10:00,1383747000000,989148.308101,2013-11-06 14:10:00,143014.145503,143485.02496
2013-11-06 14:20:00,1383747600000,990509.377464,2013-11-06 14:20:00,135264.357203,145488.38375
2013-11-06 14:30:00,1383748200000,995407.471766,2013-11-06 14:30:00,130325.389467,145737.976811
2013-11-06 14:40:00,1383748800000,990993.144265,2013-11-06 14:40:00,129689.184253,148592.471854
2013-11-06 14:50:00,1383749400000,986315.690987,2013-11-06 14:50:00,134197.163515,152161.464604
2013-11-06 15:00:00,1383750000000,1001948.8285,2013-11-06 15:00:00,139690.121806,159749.712068
2013-11-06 15:10:00,1383750600000,1005720.20024,2013-11-06 15:10:00,135980.858444,158586.996995
2013-11-06 15:20:00,1383751200000,994456.266488,2013-11-06 15:20:00,134907.3134,158926.707372
2013-11-06 15:30:00,1383751800000,988646.239068,2013-11-06 15:30:00,141607.800141,161675.780823
2013-11-06 15:40:00,1383752400000,990178.836438,2013-11-06 15:40:00,137882.891222,164238.96636
2013-11-06 15:50:00,1383753000000,994278.376003,2013-11-06 15:50:00,139143.7809,168641.171114
2013-11-06 16:00:00,1383753600000,1000940.6971,2013-11-06 16:00:00,144322.701673,174533.308286
2013-11-06 16:10:00,1383754200000,1003366.64944,2013-11-06 16:10:00,142695.574125,171280.002088
2013-11-06 16:20:00,1383754800000,1001868.77996,2013-11-06 16:20:00,145563.01735,170585.077178
2013-11-06 16:30:00,1383755400000,1003969.76872,2013-11-06 16:30:00,138251.983831,175957.049343
2013-11-06 16:40:00,1383756000000,1001035.1938,2013-11-06 16:40:00,120530.082479,175025.605173
2013-11-06 16:50:00,1383756600000,1007540.34696,2013-11-06 16:50:00,121731.712548,174692.347692
2013-11-06 17:00:00,1383757200000,1010899.74639,2013-11-06 17:00:00,125035.932249,173967.509433
2013-11-06 17:10:00,1383757800000,999204.513752,2013-11-06 17:10:00,121312.879339,170474.987678
2013-11-06 17:20:00,1383758400000,997130.287607,2013-11-06 17:20:00,118954.116009,163948.137646
2013-11-06 17:30:00,1383759000000,1004242.54011,2013-11-06 17:30:00,118804.551377,162271.529634
2013-11-06 17:40:00,1383759600000,993919.617507,2013-11-06 17:40:00,116117.167544,158861.900526
2013-11-06 17:50:00,1383760200000,986404.546751,2013-11-06 17:50:00,114632.802333,152380.437091
2013-11-06 18:00:00,1383760800000,969631.912653,2013-11-06 18:00:00,115511.809956,145353.762887
2013-11-06 18:10:00,1383761400000,935315.70309,2013-11-06 18:10:00,117934.608925,139794.100564
2013-11-06 18:20:00,1383762000000,929628.068814,2013-11-06 18:20:00,121916.548057,129704.959748
2013-11-06 18:30:00,1383762600000,918414.326652,2013-11-06 18:30:00,120580.861135,125751.776207
2013-11-06 18:40:00,1383763200000,896497.225112,2013-11-06 18:40:00,116159.377657,114823.449275
2013-11-06 18:50:00,1383763800000,882188.070901,2013-11-06 18:50:00,113259.266436,108814.140392
2013-11-06 19:00:00,1383764400000,874126.030681,2013-11-06 19:00:00,104875.432564,103774.068763
2013-11-06 19:10:00,1383765000000,861814.910134,2013-11-06 19:10:00,100321.727008,94989.8910241
2013-11-06 19:20:00,1383765600000,859453.476237,2013-11-06 19:20:00,98653.7671364,89299.2565176
2013-11-06 19:30:00,1383766200000,845918.364036,2013-11-06 19:30:00,100313.267041,87024.2127261
2013-11-06 19:40:00,1383766800000,842364.26956,2013-11-06 19:40:00,102263.643086,77581.720717
2013-11-06 19:50:00,1383767400000,845969.566238,2013-11-06 19:50:00,92455.1390814,67502.8528348
2013-11-06 20:00:00,1383768000000,855092.680536,2013-11-06 20:00:00,94069.5862938,64512.8258507
2013-11-06 20:10:00,1383768600000,841299.774276,2013-11-06 20:10:00,96758.3016881,60345.9025864
2013-11-06 20:20:00,1383769200000,835380.287363,2013-11-06 20:20:00,95863.1045792,52136.0075079
2013-11-06 20:30:00,1383769800000,844732.709704,2013-11-06 20:30:00,97766.2955517,57948.6890059
2013-11-06 20:40:00,1383770400000,831657.929036,2013-11-06 20:40:00,88359.4274631,45059.6186712
2013-11-06 20:50:00,1383771000000,811560.278951,2013-11-06 20:50:00,81573.3071005,36973.7289148
2013-11-06 21:00:00,1383771600000,812015.974091,2013-11-06 21:00:00,76514.9389833,32628.6629912
2013-11-06 21:10:00,1383772200000,805919.411895,2013-11-06 21:10:00,74671.4550802,30504.3896647
2013-11-06 21:20:00,1383772800000,789521.870642,2013-11-06 21:20:00,72344.7066258,27270.5315859
2013-11-06 21:30:00,1383773400000,800062.200072,2013-11-06 21:30:00,74794.5693129,30829.3484357
2013-11-06 21:40:00,1383774000000,775580.566983,2013-11-06 21:40:00,69107.4777922,28151.8921818
2013-11-06 21:50:00,1383774600000,759346.869017,2013-11-06 21:50:00,63166.0923992,24767.0273881
2013-11-06 22:00:00,1383775200000,754135.253683,2013-11-06 22:00:00,68955.5760999,22649.2602244
2013-11-06 22:10:00,1383775800000,733621.451478,2013-11-06 22:10:00,53415.1459199,19973.5525839
2013-11-06 22:20:00,1383776400000,709569.389441,2013-11-06 22:20:00,49516.6113465,18494.1614581
2013-11-06 22:30:00,1383777000000,706920.886056,2013-11-06 22:30:00,46194.6836794,16028.2521285
2013-11-06 22:40:00,1383777600000,664881.838524,2013-11-06 22:40:00,40448.3345635,13770.7459215
2013-11-06 22:50:00,1383778200000,649068.213185,2013-11-06 22:50:00,34659.915706,12303.0658972
2013-11-06 23:00:00,1383778800000,622235.561887,2013-11-06 23:00:00,32311.9689288,10978.474906
2013-11-06 23:10:00,1383779400000,591814.191371,2013-11-06 23:10:00,26996.9057769,9487.26632112
2013-11-06 23:20:00,1383780000000,578964.406764,2013-11-06 23:20:00,24535.9958839,8180.56525828
2013-11-06 23:30:00,1383780600000,555845.563566,2013-11-06 23:30:00,21795.7145156,6761.65651634
2013-11-06 23:40:00,1383781200000,538628.068066,2013-11-06 23:40:00,18006.1952153,6177.47724054
2013-11-06 23:50:00,1383781800000,519517.2162,2013-11-06 23:50:00,16899.959642,5104.50243969
2013-11-07 00:00:00,1383782400000,506287.281755,2013-11-07 00:00:00,15817.5169144,5209.48545801
2013-11-07 00:10:00,1383783000000,494438.527017,2013-11-07 00:10:00,13798.4525868,4372.37800621
2013-11-07 00:20:00,1383783600000,483878.713636,2013-11-07 00:20:00,11788.4024851,3464.33854169
2013-11-07 00:30:00,1383784200000,471051.205881,2013-11-07 00:30:00,10683.0294941,3470.33489398
2013-11-07 00:40:00,1383784800000,454808.059579,2013-11-07 00:40:00,9755.45241445,2784.33728944
2013-11-07 00:50:00,1383785400000,443882.11987,2013-11-07 00:50:00,8791.75489844,2614.11912985
2013-11-07 01:00:00,1383786000000,436666.036727,2013-11-07 01:00:00,8779.06496442,2548.81719822
2013-11-07 01:10:00,1383786600000,425375.105097,2013-11-07 01:10:00,7421.6466123,2228.67542208
2013-11-07 01:20:00,1383787200000,415332.333535,2013-11-07 01:20:00,7082.70103777,2213.42745206
2013-11-07 01:30:00,1383787800000,409226.153076,2013-11-07 01:30:00,7354.5107944,2126.36667345
2013-11-07 01:40:00,1383788400000,399424.910842,2013-11-07 01:40:00,6362.07313277,1892.61041748
2013-11-07 01:50:00,1383789000000,392939.081196,2013-11-07 01:50:00,6430.32351481,1841.26338849
2013-11-07 02:00:00,1383789600000,387392.27854,2013-11-07 02:00:00,6479.81334085,1961.19481971
2013-11-07 02:10:00,1383790200000,378269.802048,2013-11-07 02:10:00,6116.04266904,1725.35858928
2013-11-07 02:20:00,1383790800000,374338.498303,2013-11-07 02:20:00,5641.24886678,1672.18453413
2013-11-07 02:30:00,1383791400000,373266.733287,2013-11-07 02:30:00,5662.96511577,1661.11364464
2013-11-07 02:40:00,1383792000000,359523.309906,2013-11-07 02:40:00,5651.00514252,1505.49947436
2013-11-07 02:50:00,1383792600000,359990.14485,2013-11-07 02:50:00,5458.54121354,1596.70121817
2013-11-07 03:00:00,1383793200000,360892.338084,2013-11-07 03:00:00,5565.3387361,1793.20851907
2013-11-07 03:10:00,1383793800000,352094.238731,2013-11-07 03:10:00,5804.9859804,1893.9074062
2013-11-07 03:20:00,1383794400000,351147.364421,2013-11-07 03:20:00,5428.55805545,2409.53550435
2013-11-07 03:30:00,1383795000000,348167.429856,2013-11-07 03:30:00,6001.61855861,2269.02185302
2013-11-07 03:40:00,1383795600000,342695.932087,2013-11-07 03:40:00,5588.12109935,2080.71510824
2013-11-07 03:50:00,1383796200000,343895.665284,2013-11-07 03:50:00,5933.88199312,2218.94778091
2013-11-07 04:00:00,1383796800000,346473.848879,2013-11-07 04:00:00,6355.54346221,2819.28697164
2013-11-07 04:10:00,1383797400000,343633.999854,2013-11-07 04:10:00,5996.08311061,2615.31396839
2013-11-07 04:20:00,1383798000000,350808.610609,2013-11-07 04:20:00,6696.39358944,2378.59439656
2013-11-07 04:30:00,1383798600000,354600.608923,2013-11-07 04:30:00,7263.79338376,2612.45530467
2013-11-07 04:40:00,1383799200000,357710.661113,2013-11-07 04:40:00,7550.84556698,3134.60708489
2013-11-07 04:50:00,1383799800000,366547.124533,2013-11-07 04:50:00,8475.04097803,3946.81482645
2013-11-07 05:00:00,1383800400000,374805.540916,2013-11-07 05:00:00,10316.1017001,4874.79951134
2013-11-07 05:10:00,1383801000000,381727.416795,2013-11-07 05:10:00,10425.2438859,4896.35552433
2013-11-07 05:20:00,1383801600000,401225.212005,2013-11-07 05:20:00,12944.6574707,6180.35062736
2013-11-07 05:30:00,1383802200000,422692.089984,2013-11-07 05:30:00,16000.9650195,8146.68487346
2013-11-07 05:40:00,1383802800000,443665.728993,2013-11-07 05:40:00,18533.4489419,10271.3979353
2013-11-07 05:50:00,1383803400000,474306.134903,2013-11-07 05:50:00,23850.035964,13548.5034969
2013-11-07 06:00:00,1383804000000,518973.530067,2013-11-07 06:00:00,30815.952779,17724.9817204
2013-11-07 06:10:00,1383804600000,559931.801387,2013-11-07 06:10:00,37710.4349853,21561.4264677
2013-11-07 06:20:00,1383805200000,608065.940927,2013-11-07 06:20:00,44660.6850571,28108.2987744
2013-11-07 06:30:00,1383805800000,662300.34423,2013-11-07 06:30:00,54712.0803639,35916.1083018
2013-11-07 06:40:00,1383806400000,704820.471007,2013-11-07 06:40:00,64399.548771,45230.2851132
2013-11-07 06:50:00,1383807000000,748326.874187,2013-11-07 06:50:00,71992.8246562,54384.4786502
2013-11-07 07:00:00,1383807600000,788253.284849,2013-11-07 07:00:00,101215.075737,65333.7996759
2013-11-07 07:10:00,1383808200000,829206.155726,2013-11-07 07:10:00,107062.152514,72982.9978584
2013-11-07 07:20:00,1383808800000,847561.094077,2013-11-07 07:20:00,111404.59539,84876.5730264
2013-11-07 07:30:00,1383809400000,873892.902988,2013-11-07 07:30:00,122420.691459,98263.6726131
2013-11-07 07:40:00,1383810000000,892382.341179,2013-11-07 07:40:00,127185.578612,108324.186967
2013-11-07 07:50:00,1383810600000,898919.143106,2013-11-07 07:50:00,130563.123122,118132.522495
2013-11-07 08:00:00,1383811200000,916064.569462,2013-11-07 08:00:00,140058.111618,128739.712894
2013-11-07 08:10:00,1383811800000,918096.468975,2013-11-07 08:10:00,143816.0674,133023.257584
2013-11-07 08:20:00,1383812400000,917412.326888,2013-11-07 08:20:00,118706.037555,121379.372668
2013-11-07 08:30:00,1383813000000,922546.682133,2013-11-07 08:30:00,140665.232326,143468.5668
2013-11-07 08:40:00,1383813600000,928817.477997,2013-11-07 08:40:00,134762.752591,147604.055097
2013-11-07 08:50:00,1383814200000,935296.518558,2013-11-07 08:50:00,136425.880675,151708.630089
2013-11-07 09:00:00,1383814800000,945922.188993,2013-11-07 09:00:00,142754.068872,153026.079393
2013-11-07 09:10:00,1383815400000,950119.354871,2013-11-07 09:10:00,138083.383437,151984.241448
2013-11-07 09:20:00,1383816000000,957355.43871,2013-11-07 09:20:00,136177.015657,152713.199674
2013-11-07 09:30:00,1383816600000,953714.592814,2013-11-07 09:30:00,136768.671613,154634.748617
2013-11-07 09:40:00,1383817200000,962742.954153,2013-11-07 09:40:00,139163.118479,153829.754461
2013-11-07 09:50:00,1383817800000,960587.710464,2013-11-07 09:50:00,134445.814067,154779.215868
2013-11-07 10:00:00,1383818400000,972389.365674,2013-11-07 10:00:00,151458.378593,156848.864141
2013-11-07 10:10:00,1383819000000,979344.264741,2013-11-07 10:10:00,155850.831217,157243.984188
2013-11-07 10:20:00,1383819600000,964991.052871,2013-11-07 10:20:00,144961.620309,157069.252298
2013-11-07 10:30:00,1383820200000,971891.758246,2013-11-07 10:30:00,140687.976685,155080.258097
2013-11-07 10:40:00,1383820800000,968944.397152,2013-11-07 10:40:00,142236.008317,157234.740151
2013-11-07 10:50:00,1383821400000,971239.948412,2013-11-07 10:50:00,145400.121973,158465.574159
2013-11-07 11:00:00,1383822000000,982448.508291,2013-11-07 11:00:00,152950.774762,160343.127138
2013-11-07 11:10:00,1383822600000,988436.760704,2013-11-07 11:10:00,157572.668704,154908.236388
2013-11-07 11:20:00,1383823200000,992803.980717,2013-11-07 11:20:00,158125.970934,152220.213156
2013-11-07 11:30:00,1383823800000,1004707.67681,2013-11-07 11:30:00,159502.075711,153919.514821
2013-11-07 11:40:00,1383824400000,1007798.04261,2013-11-07 11:40:00,144482.032093,144505.433076
2013-11-07 11:50:00,1383825000000,1009406.90136,2013-11-07 11:50:00,144684.000169,140351.272771
2013-11-07 12:00:00,1383825600000,1027599.13974,2013-11-07 12:00:00,149052.01868,145596.102799
2013-11-07 12:10:00,1383826200000,1028474.6586,2013-11-07 12:10:00,138553.849824,136382.261963
2013-11-07 12:20:00,1383826800000,1038937.1642,2013-11-07 12:20:00,136909.610812,132222.861444
2013-11-07 12:30:00,1383827400000,1042190.77196,2013-11-07 12:30:00,136103.380157,135022.952282
2013-11-07 12:40:00,1383828000000,1045542.95731,2013-11-07 12:40:00,131786.01982,130131.714603
2013-11-07 12:50:00,1383828600000,1053788.91446,2013-11-07 12:50:00,143078.456228,132540.12233
2013-11-07 13:00:00,1383829200000,1059772.93833,2013-11-07 13:00:00,159329.240612,141703.09164
2013-11-07 13:10:00,1383829800000,1049807.10506,2013-11-07 13:10:00,150518.785975,141877.81042
2013-11-07 13:20:00,1383830400000,1037831.47064,2013-11-07 13:20:00,146765.280774,139686.094202
2013-11-07 13:30:00,1383831000000,1024987.83912,2013-11-07 13:30:00,143059.289255,143660.510376
2013-11-07 13:40:00,1383831600000,1026872.53882,2013-11-07 13:40:00,138756.827195,142401.335988
2013-11-07 13:50:00,1383832200000,1016363.33842,2013-11-07 13:50:00,136049.403827,142157.159435
2013-11-07 14:00:00,1383832800000,1005175.78579,2013-11-07 14:00:00,140989.841997,144962.849969
2013-11-07 14:10:00,1383833400000,996157.255653,2013-11-07 14:10:00,135246.975238,147037.469683
2013-11-07 14:20:00,1383834000000,1003321.20829,2013-11-07 14:20:00,129051.880527,144284.015429
2013-11-07 14:30:00,1383834600000,987892.201013,2013-11-07 14:30:00,134393.36879,146899.040311
2013-11-07 14:40:00,1383835200000,991875.304651,2013-11-07 14:40:00,134542.42215,149145.091652
2013-11-07 14:50:00,1383835800000,995177.727158,2013-11-07 14:50:00,132205.013909,153277.971886
2013-11-07 15:00:00,1383836400000,1009345.19747,2013-11-07 15:00:00,153338.150545,159402.196056
2013-11-07 15:10:00,1383837000000,1002296.81229,2013-11-07 15:10:00,141840.970089,158745.447897
2013-11-07 15:20:00,1383837600000,996126.325407,2013-11-07 15:20:00,147704.568513,156795.51819
2013-11-07 15:30:00,1383838200000,989365.051236,2013-11-07 15:30:00,137774.483023,157999.576933
2013-11-07 15:40:00,1383838800000,979785.143828,2013-11-07 15:40:00,140215.127704,160740.21205
2013-11-07 15:50:00,1383839400000,987568.218926,2013-11-07 15:50:00,143075.018072,164801.483588
2013-11-07 16:00:00,1383840000000,988882.078817,2013-11-07 16:00:00,159513.729488,170613.645747
2013-11-07 16:10:00,1383840600000,988786.071097,2013-11-07 16:10:00,149245.591425,168642.604326
2013-11-07 16:20:00,1383841200000,991303.915099,2013-11-07 16:20:00,144160.611678,166032.140599
2013-11-07 16:30:00,1383841800000,999915.96142,2013-11-07 16:30:00,139796.456037,169670.711231
2013-11-07 16:40:00,1383842400000,987553.793486,2013-11-07 16:40:00,129003.494666,169930.727128
2013-11-07 16:50:00,1383843000000,996152.917468,2013-11-07 16:50:00,128033.39834,167981.124267
2013-11-07 17:00:00,1383843600000,1009637.6893,2013-11-07 17:00:00,129035.683011,168507.148624
2013-11-07 17:10:00,1383844200000,993453.342203,2013-11-07 17:10:00,125311.08409,164035.340574
2013-11-07 17:20:00,1383844800000,990945.339872,2013-11-07 17:20:00,122445.61014,161895.016384
2013-11-07 17:30:00,1383845400000,989246.235721,2013-11-07 17:30:00,126615.375543,158516.923022
2013-11-07 17:40:00,1383846000000,981651.525742,2013-11-07 17:40:00,119992.239433,154964.135639
2013-11-07 17:50:00,1383846600000,962095.524743,2013-11-07 17:50:00,116569.997921,148447.266979
2013-11-07 18:00:00,1383847200000,960438.146703,2013-11-07 18:00:00,115583.680228,144208.960414
2013-11-07 18:10:00,1383847800000,952456.772615,2013-11-07 18:10:00,122436.097454,137862.701352
2013-11-07 18:20:00,1383848400000,927752.065077,2013-11-07 18:20:00,129635.796948,128096.200564
2013-11-07 18:30:00,1383849000000,913914.271723,2013-11-07 18:30:00,123044.243942,122875.117439
2013-11-07 18:40:00,1383849600000,905011.202089,2013-11-07 18:40:00,114061.483703,114685.273649
2013-11-07 18:50:00,1383850200000,896499.622175,2013-11-07 18:50:00,110681.751597,107909.950553
2013-11-07 19:00:00,1383850800000,879926.0381,2013-11-07 19:00:00,109071.092989,101639.67882
2013-11-07 19:10:00,1383851400000,859851.785271,2013-11-07 19:10:00,101100.265706,93701.0727636
2013-11-07 19:20:00,1383852000000,860555.472906,2013-11-07 19:20:00,98286.969209,88341.730664
2013-11-07 19:30:00,1383852600000,857433.326456,2013-11-07 19:30:00,96718.9085229,85452.2614707
2013-11-07 19:40:00,1383853200000,848046.269004,2013-11-07 19:40:00,94597.3532097,77864.702012
2013-11-07 19:50:00,1383853800000,845331.428743,2013-11-07 19:50:00,94705.4845352,72013.5279177
2013-11-07 20:00:00,1383854400000,838185.613437,2013-11-07 20:00:00,93664.651056,68197.8214485
2013-11-07 20:10:00,1383855000000,840077.772455,2013-11-07 20:10:00,106553.438119,67014.4804972
2013-11-07 20:20:00,1383855600000,821273.346992,2013-11-07 20:20:00,92785.1648245,57557.141439
2013-11-07 20:30:00,1383856200000,817834.324463,2013-11-07 20:30:00,89013.0931909,50380.7932441
2013-11-07 20:40:00,1383856800000,799673.892289,2013-11-07 20:40:00,83559.2656263,43407.1231834
2013-11-07 20:50:00,1383857400000,807768.070376,2013-11-07 20:50:00,80994.921375,40317.5970499
2013-11-07 21:00:00,1383858000000,796263.394405,2013-11-07 21:00:00,78392.1477509,36769.0697401
2013-11-07 21:10:00,1383858600000,784242.766918,2013-11-07 21:10:00,74780.0883271,34550.0009487
2013-11-07 21:20:00,1383859200000,774227.754397,2013-11-07 21:20:00,72082.2074817,31336.7489445
2013-11-07 21:30:00,1383859800000,768659.449812,2013-11-07 21:30:00,68773.5836783,27968.7456026
2013-11-07 21:40:00,1383860400000,750576.12681,2013-11-07 21:40:00,64008.3230835,27367.0835441
2013-11-07 21:50:00,1383861000000,748770.729173,2013-11-07 21:50:00,60053.0553432,22674.3440854
2013-11-07 22:00:00,1383861600000,726228.351828,2013-11-07 22:00:00,57139.934684,21654.9292981
2013-11-07 22:10:00,1383862200000,716356.390694,2013-11-07 22:10:00,53264.8969522,20052.0616507
2013-11-07 22:20:00,1383862800000,705979.913355,2013-11-07 22:20:00,49463.5438673,19564.3695391
2013-11-07 22:30:00,1383863400000,688798.831094,2013-11-07 22:30:00,46121.1810628,16768.9461632
2013-11-07 22:40:00,1383864000000,670757.122453,2013-11-07 22:40:00,41160.9389884,15276.0218419
2013-11-07 22:50:00,1383864600000,651803.604784,2013-11-07 22:50:00,37375.5748315,12936.0536992
2013-11-07 23:00:00,1383865200000,632995.251201,2013-11-07 23:00:00,34797.6665703,12541.801016
2013-11-07 23:10:00,1383865800000,609811.772642,2013-11-07 23:10:00,29726.6118202,11053.0862215
2013-11-07 23:20:00,1383866400000,590934.029661,2013-11-07 23:20:00,26166.3057091,8814.78086039
2013-11-07 23:30:00,1383867000000,571311.176347,2013-11-07 23:30:00,23465.9035052,7629.46578559
2013-11-07 23:40:00,1383867600000,552142.43908,2013-11-07 23:40:00,20560.0331121,6918.24521968
2013-11-07 23:50:00,1383868200000,527977.162363,2013-11-07 23:50:00,17583.1884066,5644.50965283
2013-11-08 00:00:00,1383868800000,508250.797546,2013-11-08 00:00:00,15777.5060845,5587.53021316
2013-11-08 00:10:00,1383869400000,499451.206133,2013-11-08 00:10:00,13622.7342527,4729.58492891
2013-11-08 00:20:00,1383870000000,487549.16905,2013-11-08 00:20:00,12408.1595344,4165.75514659
2013-11-08 00:30:00,1383870600000,472795.155265,2013-11-08 00:30:00,10555.9018963,3749.66916901
2013-11-08 00:40:00,1383871200000,467143.221768,2013-11-08 00:40:00,10445.1636836,3283.88930694
2013-11-08 00:50:00,1383871800000,466070.364173,2013-11-08 00:50:00,9500.77141744,3052.41121154
2013-11-08 01:00:00,1383872400000,438814.802441,2013-11-08 01:00:00,9508.98965231,2920.52718437
2013-11-08 01:10:00,1383873000000,421569.873365,2013-11-08 01:10:00,8217.85382334,2947.37417232
2013-11-08 01:20:00,1383873600000,405516.401001,2013-11-08 01:20:00,8242.23523364,2385.44878661
2013-11-08 01:30:00,1383874200000,409779.307434,2013-11-08 01:30:00,7740.71733799,2140.81738202
2013-11-08 01:40:00,1383874800000,398004.623733,2013-11-08 01:40:00,7582.40610318,2264.12672487
2013-11-08 01:50:00,1383875400000,399124.969883,2013-11-08 01:50:00,7227.0188623,2085.11671583
2013-11-08 02:00:00,1383876000000,399874.186009,2013-11-08 02:00:00,6949.58867432,2138.7972734
2013-11-08 02:10:00,1383876600000,390479.33232,2013-11-08 02:10:00,6564.45870405,1993.82988473
2013-11-08 02:20:00,1383877200000,383738.26518,2013-11-08 02:20:00,6636.20926544,1821.59143506
2013-11-08 02:30:00,1383877800000,379174.793053,2013-11-08 02:30:00,6891.95274299,1950.65764979
2013-11-08 02:40:00,1383878400000,365391.25455,2013-11-08 02:40:00,6083.56031569,1857.3857271
2013-11-08 02:50:00,1383879000000,364579.494064,2013-11-08 02:50:00,5916.25461019,1767.87843364
2013-11-08 03:00:00,1383879600000,351301.922723,2013-11-08 03:00:00,6908.3695182,2119.62575147
2013-11-08 03:10:00,1383880200000,345167.496533,2013-11-08 03:10:00,6392.11918216,2238.29273199
2013-11-08 03:20:00,1383880800000,346508.18876,2013-11-08 03:20:00,5901.00147243,1947.43381616
2013-11-08 03:30:00,1383881400000,340235.497072,2013-11-08 03:30:00,6200.9493766,2153.59051544
2013-11-08 03:40:00,1383882000000,341567.255193,2013-11-08 03:40:00,6093.52615664,2248.59070035
2013-11-08 03:50:00,1383882600000,339515.399443,2013-11-08 03:50:00,6152.15374884,2263.23360375
2013-11-08 04:00:00,1383883200000,341796.067203,2013-11-08 04:00:00,7227.51189758,2957.90656623
2013-11-08 04:10:00,1383883800000,342584.769366,2013-11-08 04:10:00,6700.91780529,2694.88943343
2013-11-08 04:20:00,1383884400000,341210.049083,2013-11-08 04:20:00,7157.64157575,2663.45007089
2013-11-08 04:30:00,1383885000000,357445.674852,2013-11-08 04:30:00,7920.57502624,3331.7255398
2013-11-08 04:40:00,1383885600000,353636.356476,2013-11-08 04:40:00,8704.9552248,3097.54909277
2013-11-08 04:50:00,1383886200000,367204.402117,2013-11-08 04:50:00,8980.92365785,3649.93941224
2013-11-08 05:00:00,1383886800000,377299.541566,2013-11-08 05:00:00,10072.3689511,5405.41562438
2013-11-08 05:10:00,1383887400000,387367.744042,2013-11-08 05:10:00,11010.2645794,4975.44213089
2013-11-08 05:20:00,1383888000000,400263.03252,2013-11-08 05:20:00,12770.9547955,6478.72679349
2013-11-08 05:30:00,1383888600000,407927.346968,2013-11-08 05:30:00,15483.4547237,8166.58719539
2013-11-08 05:40:00,1383889200000,437209.369552,2013-11-08 05:40:00,18806.6760343,9911.12373965
2013-11-08 05:50:00,1383889800000,465824.278872,2013-11-08 05:50:00,23003.526422,13543.8381048
2013-11-08 06:00:00,1383890400000,509444.086222,2013-11-08 06:00:00,31941.9725199,17988.4872118
2013-11-08 06:10:00,1383891000000,555439.023303,2013-11-08 06:10:00,36766.8852855,21939.5419418
2013-11-08 06:20:00,1383891600000,603523.168138,2013-11-08 06:20:00,44040.2695584,28509.3480995
2013-11-08 06:30:00,1383892200000,646872.992209,2013-11-08 06:30:00,52013.3475644,36246.6525885
2013-11-08 06:40:00,1383892800000,703130.997051,2013-11-08 06:40:00,61996.5043607,44340.3643157
2013-11-08 06:50:00,1383893400000,749482.009632,2013-11-08 06:50:00,72146.3523748,53368.8173875
2013-11-08 07:00:00,1383894000000,790753.690357,2013-11-08 07:00:00,103865.096078,63939.1167877
2013-11-08 07:10:00,1383894600000,814537.127402,2013-11-08 07:10:00,107229.273744,73237.7291406
2013-11-08 07:20:00,1383895200000,851125.267625,2013-11-08 07:20:00,111075.361766,82065.1581888
2013-11-08 07:30:00,1383895800000,879313.316064,2013-11-08 07:30:00,123976.206071,96008.7673553
2013-11-08 07:40:00,1383896400000,895530.174968,2013-11-08 07:40:00,128774.562709,108022.337798
2013-11-08 07:50:00,1383897000000,901596.266698,2013-11-08 07:50:00,130325.354789,116495.246911
2013-11-08 08:00:00,1383897600000,915719.270855,2013-11-08 08:00:00,141645.274234,128430.35287
2013-11-08 08:10:00,1383898200000,915879.717534,2013-11-08 08:10:00,141885.155354,133488.079919
2013-11-08 08:20:00,1383898800000,927074.413962,2013-11-08 08:20:00,153476.912295,138838.435071
2013-11-08 08:30:00,1383899400000,931254.511187,2013-11-08 08:30:00,151371.840446,142384.429123
2013-11-08 08:40:00,1383900000000,907458.589159,2013-11-08 08:40:00,140319.142318,145138.449333
2013-11-08 08:50:00,1383900600000,923748.180862,2013-11-08 08:50:00,131582.142464,150070.874417
2013-11-08 09:00:00,1383901200000,944355.765798,2013-11-08 09:00:00,147944.950604,151681.402614
2013-11-08 09:10:00,1383901800000,959715.90647,2013-11-08 09:10:00,137244.363132,152493.918485
2013-11-08 09:20:00,1383902400000,959605.990723,2013-11-08 09:20:00,137095.950358,153960.106454
2013-11-08 09:30:00,1383903000000,967797.715726,2013-11-08 09:30:00,141064.734551,155881.54076
2013-11-08 09:40:00,1383903600000,973646.558748,2013-11-08 09:40:00,142506.656052,155285.220078
2013-11-08 09:50:00,1383904200000,976502.12361,2013-11-08 09:50:00,140451.444866,157993.191486
2013-11-08 10:00:00,1383904800000,990600.471022,2013-11-08 10:00:00,168385.976538,160383.426149
2013-11-08 10:10:00,1383905400000,986965.331077,2013-11-08 10:10:00,158277.758881,159566.154095
2013-11-08 10:20:00,1383906000000,975979.521818,2013-11-08 10:20:00,149707.566357,158920.500784
2013-11-08 10:30:00,1383906600000,982487.199727,2013-11-08 10:30:00,154396.637998,160180.654451
2013-11-08 10:40:00,1383907200000,975908.802868,2013-11-08 10:40:00,148542.44573,159708.407024
2013-11-08 10:50:00,1383907800000,969128.360385,2013-11-08 10:50:00,153297.422696,160329.673667
2013-11-08 11:00:00,1383908400000,981442.852271,2013-11-08 11:00:00,169925.046927,164122.201485
2013-11-08 11:10:00,1383909000000,989057.421997,2013-11-08 11:10:00,160539.33113,159750.373017
2013-11-08 11:20:00,1383909600000,997879.764188,2013-11-08 11:20:00,159673.837093,153823.769246
2013-11-08 11:30:00,1383910200000,994380.203822,2013-11-08 11:30:00,166030.773403,155547.759962
2013-11-08 11:40:00,1383910800000,1009130.23662,2013-11-08 11:40:00,154231.24459,146494.481166
2013-11-08 11:50:00,1383911400000,1017436.89717,2013-11-08 11:50:00,162112.055692,144556.048188
2013-11-08 12:00:00,1383912000000,1031611.05909,2013-11-08 12:00:00,167714.49614,146772.757239
2013-11-08 12:10:00,1383912600000,1034272.63108,2013-11-08 12:10:00,151628.811662,138526.378001
2013-11-08 12:20:00,1383913200000,1036628.83718,2013-11-08 12:20:00,147564.280279,133519.571207
2013-11-08 12:30:00,1383913800000,1042671.26827,2013-11-08 12:30:00,143937.671974,131681.527242
2013-11-08 12:40:00,1383914400000,1046027.2186,2013-11-08 12:40:00,140811.84317,131574.251391
2013-11-08 12:50:00,1383915000000,1041753.65916,2013-11-08 12:50:00,142017.009692,136933.163117
2013-11-08 13:00:00,1383915600000,1044774.19581,2013-11-08 13:00:00,149879.884367,144964.392191
2013-11-08 13:10:00,1383916200000,1031000.1777,2013-11-08 13:10:00,141183.898019,145281.636481
2013-11-08 13:20:00,1383916800000,1021480.68828,2013-11-08 13:20:00,137352.719262,144045.630419
2013-11-08 13:30:00,1383917400000,1010965.60221,2013-11-08 13:30:00,141642.513342,145825.076387
2013-11-08 13:40:00,1383918000000,1003539.72047,2013-11-08 13:40:00,140220.77628,143954.27954
2013-11-08 13:50:00,1383918600000,989998.448263,2013-11-08 13:50:00,139823.635524,143067.958179
2013-11-08 14:00:00,1383919200000,992663.734979,2013-11-08 14:00:00,152798.100726,148037.627714
2013-11-08 14:10:00,1383919800000,994058.821419,2013-11-08 14:10:00,145972.550223,148779.416325
2013-11-08 14:20:00,1383920400000,985671.487141,2013-11-08 14:20:00,144896.624985,148536.511195
2013-11-08 14:30:00,1383921000000,991806.197279,2013-11-08 14:30:00,146674.562492,150190.297916
2013-11-08 14:40:00,1383921600000,991014.105796,2013-11-08 14:40:00,150285.039244,150913.178851
2013-11-08 14:50:00,1383922200000,992029.803675,2013-11-08 14:50:00,148453.180841,155419.230348
2013-11-08 15:00:00,1383922800000,1001886.29109,2013-11-08 15:00:00,159315.797461,161506.944477
2013-11-08 15:10:00,1383923400000,1006390.7772,2013-11-08 15:10:00,152477.8131,162396.612955
2013-11-08 15:20:00,1383924000000,1001256.97519,2013-11-08 15:20:00,144909.561094,160506.201932
2013-11-08 15:30:00,1383924600000,997639.797624,2013-11-08 15:30:00,139640.840747,159153.440127
2013-11-08 15:40:00,1383925200000,1003057.09945,2013-11-08 15:40:00,138251.602702,164045.382824
2013-11-08 15:50:00,1383925800000,989291.056216,2013-11-08 15:50:00,140301.838287,166875.678966
2013-11-08 16:00:00,1383926400000,997974.578135,2013-11-08 16:00:00,153072.034306,171413.917051
2013-11-08 16:10:00,1383927000000,1006507.45447,2013-11-08 16:10:00,153570.654846,171605.20005
2013-11-08 16:20:00,1383927600000,1004621.63721,2013-11-08 16:20:00,154465.128146,169329.910279
2013-11-08 16:30:00,1383928200000,1008000.18765,2013-11-08 16:30:00,142447.057389,169908.042588
2013-11-08 16:40:00,1383928800000,1007909.02126,2013-11-08 16:40:00,141900.601255,171621.467646
2013-11-08 16:50:00,1383929400000,1013826.37933,2013-11-08 16:50:00,142139.823272,170346.925889
2013-11-08 17:00:00,1383930000000,1008342.64883,2013-11-08 17:00:00,137914.835175,168376.661542
2013-11-08 17:10:00,1383930600000,991123.746284,2013-11-08 17:10:00,130974.843654,168562.421474
2013-11-08 17:20:00,1383931200000,1014391.44289,2013-11-08 17:20:00,131945.843466,166874.564162
2013-11-08 17:30:00,1383931800000,1005756.18592,2013-11-08 17:30:00,124476.521009,164306.814401
2013-11-08 17:40:00,1383932400000,991356.132494,2013-11-08 17:40:00,120979.279824,160651.162954
2013-11-08 17:50:00,1383933000000,968142.486919,2013-11-08 17:50:00,116343.934033,155894.786982
2013-11-08 18:00:00,1383933600000,966542.933227,2013-11-08 18:00:00,115728.855509,152733.970863
2013-11-08 18:10:00,1383934200000,943494.041025,2013-11-08 18:10:00,114305.917639,144450.129219
2013-11-08 18:20:00,1383934800000,935031.905063,2013-11-08 18:20:00,118616.013186,136256.162478
2013-11-08 18:30:00,1383935400000,935086.679553,2013-11-08 18:30:00,123917.776896,131194.794928
2013-11-08 18:40:00,1383936000000,914640.385135,2013-11-08 18:40:00,128202.090066,122756.766142
2013-11-08 18:50:00,1383936600000,902676.168935,2013-11-08 18:50:00,127481.766466,115666.236917
2013-11-08 19:00:00,1383937200000,884848.195858,2013-11-08 19:00:00,112447.949372,107915.523296
2013-11-08 19:10:00,1383937800000,886703.074598,2013-11-08 19:10:00,102209.828688,98639.5936361
2013-11-08 19:20:00,1383938400000,875593.342305,2013-11-08 19:20:00,98432.3308356,91688.7590827
2013-11-08 19:30:00,1383939000000,870769.483628,2013-11-08 19:30:00,109631.513664,91338.4765347
2013-11-08 19:40:00,1383939600000,869981.133395,2013-11-08 19:40:00,97644.4633122,83334.6401057
2013-11-08 19:50:00,1383940200000,846098.114669,2013-11-08 19:50:00,93731.6588283,73371.8196343
2013-11-08 20:00:00,1383940800000,829948.936762,2013-11-08 20:00:00,87704.1973893,67909.3558276
2013-11-08 20:10:00,1383941400000,829478.523884,2013-11-08 20:10:00,90236.9905231,68433.4633514
2013-11-08 20:20:00,1383942000000,812687.154038,2013-11-08 20:20:00,86943.5330637,57347.7266513
2013-11-08 20:30:00,1383942600000,809663.584708,2013-11-08 20:30:00,80569.317418,51008.838439
2013-11-08 20:40:00,1383943200000,802722.963533,2013-11-08 20:40:00,77104.2553721,46240.1153802
2013-11-08 20:50:00,1383943800000,791650.287889,2013-11-08 20:50:00,75689.7580916,43521.9902151
2013-11-08 21:00:00,1383944400000,785151.277878,2013-11-08 21:00:00,73583.8221659,38132.7319925
2013-11-08 21:10:00,1383945000000,780565.744555,2013-11-08 21:10:00,70856.7733076,35984.0677214
2013-11-08 21:20:00,1383945600000,771622.895953,2013-11-08 21:20:00,70621.8272946,33405.5096746
2013-11-08 21:30:00,1383946200000,767053.71473,2013-11-08 21:30:00,64297.5729688,30165.6898338
2013-11-08 21:40:00,1383946800000,760692.726217,2013-11-08 21:40:00,60835.4835476,28290.6263519
2013-11-08 21:50:00,1383947400000,748612.870609,2013-11-08 21:50:00,60454.2414308,26471.8939562
2013-11-08 22:00:00,1383948000000,732787.291829,2013-11-08 22:00:00,53706.5548129,23360.67641
2013-11-08 22:10:00,1383948600000,727778.904464,2013-11-08 22:10:00,51239.5226471,22295.0813986
2013-11-08 22:20:00,1383949200000,718916.677461,2013-11-08 22:20:00,49597.3240096,20673.6503571
2013-11-08 22:30:00,1383949800000,697626.200298,2013-11-08 22:30:00,47349.3714779,18144.0316578
2013-11-08 22:40:00,1383950400000,683283.812508,2013-11-08 22:40:00,41030.4554455,17091.4324395
2013-11-08 22:50:00,1383951000000,673621.826554,2013-11-08 22:50:00,39429.9274742,16107.616873
2013-11-08 23:00:00,1383951600000,655770.042,2013-11-08 23:00:00,42045.3249519,15523.2550485
2013-11-08 23:10:00,1383952200000,636495.755592,2013-11-08 23:10:00,34719.3504004,13475.4863626
2013-11-08 23:20:00,1383952800000,625713.506241,2013-11-08 23:20:00,31480.4472875,12055.8252902
2013-11-08 23:30:00,1383953400000,602077.166547,2013-11-08 23:30:00,27171.2789511,10496.4270855
2013-11-08 23:40:00,1383954000000,579787.651973,2013-11-08 23:40:00,24964.758656,9016.19453393
2013-11-08 23:50:00,1383954600000,564859.946222,2013-11-08 23:50:00,21729.0173376,8288.69011309
2013-11-09 00:00:00,1383955200000,542837.581167,2013-11-09 00:00:00,20340.3279112,7843.37815476
2013-11-09 00:10:00,1383955800000,533100.076418,2013-11-09 00:10:00,18438.0727616,6904.9270347
2013-11-09 00:20:00,1383956400000,525179.601974,2013-11-09 00:20:00,17144.4583894,5988.36936286
2013-11-09 00:30:00,1383957000000,504355.672419,2013-11-09 00:30:00,15041.2941984,5733.85781599
2013-11-09 00:40:00,1383957600000,491009.568044,2013-11-09 00:40:00,15014.2867499,4872.89630485
2013-11-09 00:50:00,1383958200000,482858.796432,2013-11-09 00:50:00,12929.1526749,4527.3835997
2013-11-09 01:00:00,1383958800000,471232.540097,2013-11-09 01:00:00,12086.9024025,4331.66078851
2013-11-09 01:10:00,1383959400000,461094.043253,2013-11-09 01:10:00,11237.1531287,3779.11072865
2013-11-09 01:20:00,1383960000000,448787.628948,2013-11-09 01:20:00,10511.5602097,3926.7829676
2013-11-09 01:30:00,1383960600000,437211.07207,2013-11-09 01:30:00,10201.4165965,3850.11125002
2013-11-09 01:40:00,1383961200000,424422.004752,2013-11-09 01:40:00,9173.70528782,3612.59623481
2013-11-09 01:50:00,1383961800000,418767.548846,2013-11-09 01:50:00,8333.45286065,3217.85891318
2013-11-09 02:00:00,1383962400000,412857.205167,2013-11-09 02:00:00,8837.55545073,3842.86541126
2013-11-09 02:10:00,1383963000000,408191.713202,2013-11-09 02:10:00,8098.16840984,3599.75203051
2013-11-09 02:20:00,1383963600000,393794.131559,2013-11-09 02:20:00,7578.79600778,2811.09388596
2013-11-09 02:30:00,1383964200000,400937.766529,2013-11-09 02:30:00,7495.30086485,2931.66634553
2013-11-09 02:40:00,1383964800000,387477.263518,2013-11-09 02:40:00,7415.49782385,2731.89601658
2013-11-09 02:50:00,1383965400000,374320.421102,2013-11-09 02:50:00,7211.77812233,2882.74788354
2013-11-09 03:00:00,1383966000000,373034.339051,2013-11-09 03:00:00,7308.072889,2799.88044774
2013-11-09 03:10:00,1383966600000,362157.808834,2013-11-09 03:10:00,7416.26464676,2929.95116182
2013-11-09 03:20:00,1383967200000,359487.800353,2013-11-09 03:20:00,6997.26158791,2931.03419789
2013-11-09 03:30:00,1383967800000,355648.678782,2013-11-09 03:30:00,6875.90108144,2528.60125877
2013-11-09 03:40:00,1383968400000,354557.183882,2013-11-09 03:40:00,6348.77078659,2497.36689123
2013-11-09 03:50:00,1383969000000,353538.7788,2013-11-09 03:50:00,6763.58385033,2801.25888618
2013-11-09 04:00:00,1383969600000,348002.029328,2013-11-09 04:00:00,6442.64477511,3171.59958851
2013-11-09 04:10:00,1383970200000,350879.154231,2013-11-09 04:10:00,6521.75731653,2659.17898336
2013-11-09 04:20:00,1383970800000,341269.923907,2013-11-09 04:20:00,6764.77864524,2344.52608704
2013-11-09 04:30:00,1383971400000,340900.489073,2013-11-09 04:30:00,7673.488699,2749.92289041
2013-11-09 04:40:00,1383972000000,343712.443391,2013-11-09 04:40:00,7349.77920355,2960.11826798
2013-11-09 04:50:00,1383972600000,349447.526268,2013-11-09 04:50:00,6908.32203123,3151.87410888
2013-11-09 05:00:00,1383973200000,353905.720841,2013-11-09 05:00:00,8405.69802068,3929.19523995
2013-11-09 05:10:00,1383973800000,358536.517536,2013-11-09 05:10:00,8696.21063946,4013.0110614
2013-11-09 05:20:00,1383974400000,369024.513167,2013-11-09 05:20:00,9710.73021117,4324.86570542
2013-11-09 05:30:00,1383975000000,372017.657175,2013-11-09 05:30:00,10083.7966739,5314.23430096
2013-11-09 05:40:00,1383975600000,371734.74088,2013-11-09 05:40:00,11444.497495,5938.53535707
2013-11-09 05:50:00,1383976200000,392400.737827,2013-11-09 05:50:00,12978.3307083,7177.49298484
2013-11-09 06:00:00,1383976800000,408167.91526,2013-11-09 06:00:00,16515.1199783,8911.78415991
2013-11-09 06:10:00,1383977400000,413984.206105,2013-11-09 06:10:00,17837.7260866,9519.48619084
2013-11-09 06:20:00,1383978000000,439615.735834,2013-11-09 06:20:00,21368.2129385,11914.1068754
2013-11-09 06:30:00,1383978600000,457649.87425,2013-11-09 06:30:00,23978.288909,14518.0289033
2013-11-09 06:40:00,1383979200000,475994.169851,2013-11-09 06:40:00,27518.5620287,17367.6611984
2013-11-09 06:50:00,1383979800000,500215.435119,2013-11-09 06:50:00,32108.9464281,20749.2601649
2013-11-09 07:00:00,1383980400000,521454.000023,2013-11-09 07:00:00,57319.0242534,25109.1526988
2013-11-09 07:10:00,1383981000000,524634.663993,2013-11-09 07:10:00,60198.2046437,28408.58301
2013-11-09 07:20:00,1383981600000,546174.032514,2013-11-09 07:20:00,59609.8733182,32951.5443737
2013-11-09 07:30:00,1383982200000,580695.205898,2013-11-09 07:30:00,65472.1974639,38282.7824968
2013-11-09 07:40:00,1383982800000,599115.036864,2013-11-09 07:40:00,71361.9827057,43490.1552469
2013-11-09 07:50:00,1383983400000,617179.807459,2013-11-09 07:50:00,77378.2839165,50315.8157675
2013-11-09 08:00:00,1383984000000,637966.060212,2013-11-09 08:00:00,83308.8965641,57037.4641288
2013-11-09 08:10:00,1383984600000,651160.574656,2013-11-09 08:10:00,84371.3592904,63101.0235939
2013-11-09 08:20:00,1383985200000,680641.346184,2013-11-09 08:20:00,89561.0784648,69635.4746132
2013-11-09 08:30:00,1383985800000,707055.87098,2013-11-09 08:30:00,92642.3893078,75634.5883844
2013-11-09 08:40:00,1383986400000,723514.319377,2013-11-09 08:40:00,95999.7406735,82545.5131808
2013-11-09 08:50:00,1383987000000,744542.936929,2013-11-09 08:50:00,93335.214537,90876.2830053
2013-11-09 09:00:00,1383987600000,761930.619462,2013-11-09 09:00:00,107274.131093,95067.3305566
2013-11-09 09:10:00,1383988200000,768182.652351,2013-11-09 09:10:00,103501.213723,98336.3273397
2013-11-09 09:20:00,1383988800000,777042.761703,2013-11-09 09:20:00,101417.595803,101640.314872
2013-11-09 09:30:00,1383989400000,785422.375971,2013-11-09 09:30:00,100490.671337,105955.401585
2013-11-09 09:40:00,1383990000000,796851.716053,2013-11-09 09:40:00,97521.4203816,107449.09835
2013-11-09 09:50:00,1383990600000,814189.16976,2013-11-09 09:50:00,122670.996849,111895.7808
2013-11-09 10:00:00,1383991200000,810312.179207,2013-11-09 10:00:00,119951.236262,114044.660717
2013-11-09 10:10:00,1383991800000,819312.38656,2013-11-09 10:10:00,108109.857733,114698.920624
2013-11-09 10:20:00,1383992400000,829003.058729,2013-11-09 10:20:00,104757.430805,117044.696449
2013-11-09 10:30:00,1383993000000,829789.128317,2013-11-09 10:30:00,114177.938846,116031.43116
2013-11-09 10:40:00,1383993600000,838379.044103,2013-11-09 10:40:00,111995.112859,116779.935694
2013-11-09 10:50:00,1383994200000,832125.205971,2013-11-09 10:50:00,105028.10192,117162.85971
2013-11-09 11:00:00,1383994800000,832011.857468,2013-11-09 11:00:00,111650.752793,120463.271785
2013-11-09 11:10:00,1383995400000,833068.392355,2013-11-09 11:10:00,107185.822249,119103.646602
2013-11-09 11:20:00,1383996000000,838311.275125,2013-11-09 11:20:00,104768.680929,116430.944181
2013-11-09 11:30:00,1383996600000,838610.672359,2013-11-09 11:30:00,103455.753722,113552.326039
2013-11-09 11:40:00,1383997200000,838423.716498,2013-11-09 11:40:00,97970.1994877,106905.628297
2013-11-09 11:50:00,1383997800000,824596.407242,2013-11-09 11:50:00,95978.3406918,102460.817658
2013-11-09 12:00:00,1383998400000,821360.924472,2013-11-09 12:00:00,97573.0788249,101479.536852
2013-11-09 12:10:00,1383999000000,823539.888248,2013-11-09 12:10:00,93269.8240952,94813.9982848
2013-11-09 12:20:00,1383999600000,812178.394585,2013-11-09 12:20:00,90051.8100197,89920.2108344
2013-11-09 12:30:00,1384000200000,820580.224264,2013-11-09 12:30:00,90285.3946568,87333.0870604
2013-11-09 12:40:00,1384000800000,824095.334333,2013-11-09 12:40:00,88101.3516358,83053.2226537
2013-11-09 12:50:00,1384001400000,819320.112351,2013-11-09 12:50:00,92521.8590619,83109.2247253
2013-11-09 13:00:00,1384002000000,826851.783375,2013-11-09 13:00:00,92049.0454301,83241.6403427
2013-11-09 13:10:00,1384002600000,832541.177569,2013-11-09 13:10:00,90915.3164597,81148.1931537
2013-11-09 13:20:00,1384003200000,838920.210371,2013-11-09 13:20:00,89960.8116928,81297.9600996
2013-11-09 13:30:00,1384003800000,835139.084876,2013-11-09 13:30:00,89780.3628921,79745.2305607
2013-11-09 13:40:00,1384004400000,831357.326475,2013-11-09 13:40:00,92412.6235993,80403.4407536
2013-11-09 13:50:00,1384005000000,837176.670519,2013-11-09 13:50:00,90073.6057178,80951.9086166
2013-11-09 14:00:00,1384005600000,838849.99382,2013-11-09 14:00:00,92970.5713261,81930.5357026
2013-11-09 14:10:00,1384006200000,845533.61331,2013-11-09 14:10:00,87426.7786359,81136.520854
2013-11-09 14:20:00,1384006800000,840349.838316,2013-11-09 14:20:00,99873.5963492,81921.8624019
2013-11-09 14:30:00,1384007400000,840232.967053,2013-11-09 14:30:00,108523.267331,81989.1836388
2013-11-09 14:40:00,1384008000000,830013.765761,2013-11-09 14:40:00,101826.680788,82816.6330992
2013-11-09 14:50:00,1384008600000,843195.796905,2013-11-09 14:50:00,93468.2122586,84777.3799158
2013-11-09 15:00:00,1384009200000,848676.997432,2013-11-09 15:00:00,88133.1915829,86594.7798774
2013-11-09 15:10:00,1384009800000,848837.86307,2013-11-09 15:10:00,87616.0757141,87249.021791
2013-11-09 15:20:00,1384010400000,847924.633258,2013-11-09 15:20:00,95728.4040656,88012.9578945
2013-11-09 15:30:00,1384011000000,849830.84552,2013-11-09 15:30:00,99322.7733831,91645.1598429
2013-11-09 15:40:00,1384011600000,850943.549263,2013-11-09 15:40:00,99212.7939283,95198.9000522
2013-11-09 15:50:00,1384012200000,860230.265503,2013-11-09 15:50:00,107191.057261,98910.2655885
2013-11-09 16:00:00,1384012800000,867213.192222,2013-11-09 16:00:00,105802.321791,99990.5172756
2013-11-09 16:10:00,1384013400000,865014.417965,2013-11-09 16:10:00,111329.548494,103775.467712
2013-11-09 16:20:00,1384014000000,863954.395608,2013-11-09 16:20:00,100262.852762,105440.984377
2013-11-09 16:30:00,1384014600000,864840.6925,2013-11-09 16:30:00,100648.706173,106351.952911
2013-11-09 16:40:00,1384015200000,881038.623326,2013-11-09 16:40:00,102033.984194,107356.49894
2013-11-09 16:50:00,1384015800000,864969.586202,2013-11-09 16:50:00,100012.553645,106607.986667
2013-11-09 17:00:00,1384016400000,873044.480374,2013-11-09 17:00:00,99843.9231732,105322.718419
2013-11-09 17:10:00,1384017000000,881110.033741,2013-11-09 17:10:00,97185.9607108,104723.907223
2013-11-09 17:20:00,1384017600000,870991.166218,2013-11-09 17:20:00,98828.9583807,103695.023227
2013-11-09 17:30:00,1384018200000,875872.081294,2013-11-09 17:30:00,99068.206955,101825.666589
2013-11-09 17:40:00,1384018800000,861879.542311,2013-11-09 17:40:00,95758.2562711,100139.345597
2013-11-09 17:50:00,1384019400000,852003.768917,2013-11-09 17:50:00,98125.2704819,102850.645612
2013-11-09 18:00:00,1384020000000,857280.630796,2013-11-09 18:00:00,100223.010815,102278.553912
2013-11-09 18:10:00,1384020600000,851336.409906,2013-11-09 18:10:00,94021.9591603,98389.5551299
2013-11-09 18:20:00,1384021200000,838304.170257,2013-11-09 18:20:00,98669.3869623,93972.5967016
2013-11-09 18:30:00,1384021800000,846187.04067,2013-11-09 18:30:00,97473.4794613,90348.7508743
2013-11-09 18:40:00,1384022400000,835300.800653,2013-11-09 18:40:00,93992.6020832,83697.5147517
2013-11-09 18:50:00,1384023000000,825643.650798,2013-11-09 18:50:00,88294.4208309,81425.4790517
2013-11-09 19:00:00,1384023600000,818500.912056,2013-11-09 19:00:00,84152.3536211,75660.7016568
2013-11-09 19:10:00,1384024200000,811232.562437,2013-11-09 19:10:00,79240.092113,69006.9327996
2013-11-09 19:20:00,1384024800000,802348.030165,2013-11-09 19:20:00,77115.7923733,66616.9990468
2013-11-09 19:30:00,1384025400000,808864.103379,2013-11-09 19:30:00,77477.9094551,65453.9533958
2013-11-09 19:40:00,1384026000000,802758.211131,2013-11-09 19:40:00,75157.4582555,58239.6295542
2013-11-09 19:50:00,1384026600000,803993.555065,2013-11-09 19:50:00,73468.8063664,52606.2186371
2013-11-09 20:00:00,1384027200000,803636.122222,2013-11-09 20:00:00,70122.1432491,49130.2245783
2013-11-09 20:10:00,1384027800000,809168.923023,2013-11-09 20:10:00,70943.6050636,48656.1510532
2013-11-09 20:20:00,1384028400000,806701.943927,2013-11-09 20:20:00,71566.8406001,43857.1778754
2013-11-09 20:30:00,1384029000000,799654.033703,2013-11-09 20:30:00,68335.453489,42344.0192924
2013-11-09 20:40:00,1384029600000,797391.06597,2013-11-09 20:40:00,65611.1761189,38810.6255036
2013-11-09 20:50:00,1384030200000,799659.891716,2013-11-09 20:50:00,64870.2790295,36497.8658721
2013-11-09 21:00:00,1384030800000,795773.438346,2013-11-09 21:00:00,62294.6609115,32414.3245416
2013-11-09 21:10:00,1384031400000,785332.712576,2013-11-09 21:10:00,57755.8696749,29857.1672029
2013-11-09 21:20:00,1384032000000,789460.727658,2013-11-09 21:20:00,56921.3566319,28536.4740497
2013-11-09 21:30:00,1384032600000,781921.987418,2013-11-09 21:30:00,57026.3944009,27594.936551
2013-11-09 21:40:00,1384033200000,772404.186336,2013-11-09 21:40:00,62523.2260988,28870.081115
2013-11-09 21:50:00,1384033800000,763643.345202,2013-11-09 21:50:00,56446.3674337,27745.0119552
2013-11-09 22:00:00,1384034400000,764034.336804,2013-11-09 22:00:00,55016.4211123,26462.6485966
2013-11-09 22:10:00,1384035000000,741380.888378,2013-11-09 22:10:00,55708.5865982,23973.9563263
2013-11-09 22:20:00,1384035600000,739398.785387,2013-11-09 22:20:00,50457.5182209,22806.2480682
2013-11-09 22:30:00,1384036200000,730802.974768,2013-11-09 22:30:00,47285.0327772,21709.2037321
2013-11-09 22:40:00,1384036800000,692487.707837,2013-11-09 22:40:00,45184.1845824,19697.0339588
2013-11-09 22:50:00,1384037400000,681929.624303,2013-11-09 22:50:00,43715.7913154,19238.6220807
